gas,gas_name,sector,sector_name,geo,country,year,emissions
CO2,Carbon dioxide,CRF1A1,Fuel combustion in energy industries,AT,Austria,2015,10.33398
CO2,Carbon dioxide,CRF1A1,Fuel combustion in energy industries,AT,Austria,2016,10.1192
CO2,Carbon dioxide,CRF1A1,Fuel combustion in energy industries,AT,Austria,2017,10.73059
CO2,Carbon dioxide,CRF1A1,Fuel combustion in energy industries,AT,Austria,2018,9.8849
CO2,Carbon dioxide,CRF1A1,Fuel combustion in energy industries,AT,Austria,2019,9.92108
CO2,Carbon dioxide,CRF1A1,Fuel combustion in energy industries,AT,Austria,2020,8.55318
CO2,Carbon dioxide,CRF1A1,Fuel combustion in energy industries,AT,Austria,2021,8.56969
CO2,Carbon dioxide,CRF1A1,Fuel combustion in energy industries,AT,Austria,2022,8.06038
CO2,Carbon dioxide,CRF1A1,Fuel combustion in energy industries,AT,Austria,2023,7.18464
CO2,Carbon dioxide,CRF1A1,Fuel combustion in energy industries,AT,Austria,2024,7.14749
CO2,Carbon dioxide,CRF1A1,Fuel combustion in energy industries,BE,Belgium,2015,20.62141
CO2,Carbon dioxide,CRF1A1,Fuel combustion in energy industries,BE,Belgium,2016,19.32472
CO2,Carbon dioxide,CRF1A1,Fuel combustion in energy industries,BE,Belgium,2017,19.46067
CO2,Carbon dioxide,CRF1A1,Fuel combustion in energy industries,BE,Belgium,2018,19.41715
CO2,Carbon dioxide,CRF1A1,Fuel combustion in energy industries,BE,Belgium,2019,20.72136
CO2,Carbon dioxide,CRF1A1,Fuel combustion in energy industries,BE,Belgium,2020,18.7776
CO2,Carbon dioxide,CRF1A1,Fuel combustion in energy industries,BE,Belgium,2021,18.01829
CO2,Carbon dioxide,CRF1A1,Fuel combustion in energy industries,BE,Belgium,2022,18.33756
CO2,Carbon dioxide,CRF1A1,Fuel combustion in energy industries,BE,Belgium,2023,15.52537
CO2,Carbon dioxide,CRF1A1,Fuel combustion in energy industries,BE,Belgium,2024,14.68376
CO2,Carbon dioxide,CRF1A1,Fuel combustion in energy industries,BG,Bulgaria,2015,29.65307
CO2,Carbon dioxide,CRF1A1,Fuel combustion in energy industries,BG,Bulgaria,2016,26.25968
CO2,Carbon dioxide,CRF1A1,Fuel combustion in energy industries,BG,Bulgaria,2017,27.54382
CO2,Carbon dioxide,CRF1A1,Fuel combustion in energy industries,BG,Bulgaria,2018,23.41659
CO2,Carbon dioxide,CRF1A1,Fuel combustion in energy industries,BG,Bulgaria,2019,22.42867
CO2,Carbon dioxide,CRF1A1,Fuel combustion in energy industries,BG,Bulgaria,2020,17.81726
CO2,Carbon dioxide,CRF1A1,Fuel combustion in energy industries,BG,Bulgaria,2021,21.97654
CO2,Carbon dioxide,CRF1A1,Fuel combustion in energy industries,BG,Bulgaria,2022,26.87426
CO2,Carbon dioxide,CRF1A1,Fuel combustion in energy industries,BG,Bulgaria,2023,15.67248
CO2,Carbon dioxide,CRF1A1,Fuel combustion in energy industries,BG,Bulgaria,2024,12.7651
CO2,Carbon dioxide,CRF1A1,Fuel combustion in energy industries,CH,Switzerland,2015,3.29539
CO2,Carbon dioxide,CRF1A1,Fuel combustion in energy industries,CH,Switzerland,2016,3.39306
CO2,Carbon dioxide,CRF1A1,Fuel combustion in energy industries,CH,Switzerland,2017,3.32288
CO2,Carbon dioxide,CRF1A1,Fuel combustion in energy industries,CH,Switzerland,2018,3.39679
CO2,Carbon dioxide,CRF1A1,Fuel combustion in energy industries,CH,Switzerland,2019,3.4181
CO2,Carbon dioxide,CRF1A1,Fuel combustion in energy industries,CH,Switzerland,2020,3.38617
CO2,Carbon dioxide,CRF1A1,Fuel combustion in energy industries,CH,Switzerland,2021,3.34934
CO2,Carbon dioxide,CRF1A1,Fuel combustion in energy industries,CH,Switzerland,2022,3.29642
CO2,Carbon dioxide,CRF1A1,Fuel combustion in energy industries,CH,Switzerland,2023,3.18848
CO2,Carbon dioxide,CRF1A1,Fuel combustion in energy industries,CH,Switzerland,2024,3.18918
CO2,Carbon dioxide,CRF1A1,Fuel combustion in energy industries,CY,Cyprus,2015,3.023
CO2,Carbon dioxide,CRF1A1,Fuel combustion in energy industries,CY,Cyprus,2016,3.3
CO2,Carbon dioxide,CRF1A1,Fuel combustion in energy industries,CY,Cyprus,2017,3.28783
CO2,Carbon dioxide,CRF1A1,Fuel combustion in energy industries,CY,Cyprus,2018,3.34236
CO2,Carbon dioxide,CRF1A1,Fuel combustion in energy industries,CY,Cyprus,2019,3.28206
CO2,Carbon dioxide,CRF1A1,Fuel combustion in energy industries,CY,Cyprus,2020,3.02311
CO2,Carbon dioxide,CRF1A1,Fuel combustion in energy industries,CY,Cyprus,2021,3.07769
CO2,Carbon dioxide,CRF1A1,Fuel combustion in energy industries,CY,Cyprus,2022,3.10471
CO2,Carbon dioxide,CRF1A1,Fuel combustion in energy industries,CY,Cyprus,2023,3.04992
CO2,Carbon dioxide,CRF1A1,Fuel combustion in energy industries,CY,Cyprus,2024,3.21545
CO2,Carbon dioxide,CRF1A1,Fuel combustion in energy industries,CZ,Czechia,2015,53.40585
CO2,Carbon dioxide,CRF1A1,Fuel combustion in energy industries,CZ,Czechia,2016,54.1654
CO2,Carbon dioxide,CRF1A1,Fuel combustion in energy industries,CZ,Czechia,2017,53.38395
CO2,Carbon dioxide,CRF1A1,Fuel combustion in energy industries,CZ,Czechia,2018,52.67557
CO2,Carbon dioxide,CRF1A1,Fuel combustion in energy industries,CZ,Czechia,2019,48.93297
CO2,Carbon dioxide,CRF1A1,Fuel combustion in energy industries,CZ,Czechia,2020,41.37875
CO2,Carbon dioxide,CRF1A1,Fuel combustion in energy industries,CZ,Czechia,2021,40.7816
CO2,Carbon dioxide,CRF1A1,Fuel combustion in energy industries,CZ,Czechia,2022,42.54548
CO2,Carbon dioxide,CRF1A1,Fuel combustion in energy industries,CZ,Czechia,2023,35.46937
CO2,Carbon dioxide,CRF1A1,Fuel combustion in energy industries,CZ,Czechia,2024,31.69518
CO2,Carbon dioxide,CRF1A1,Fuel combustion in energy industries,DE,Germany,2015,335.8634
CO2,Carbon dioxide,CRF1A1,Fuel combustion in energy industries,DE,Germany,2016,331.69121
CO2,Carbon dioxide,CRF1A1,Fuel combustion in energy industries,DE,Germany,2017,312.43312
CO2,Carbon dioxide,CRF1A1,Fuel combustion in energy industries,DE,Germany,2018,298.84782
CO2,Carbon dioxide,CRF1A1,Fuel combustion in energy industries,DE,Germany,2019,248.68889
CO2,Carbon dioxide,CRF1A1,Fuel combustion in energy industries,DE,Germany,2020,210.72394
CO2,Carbon dioxide,CRF1A1,Fuel combustion in energy industries,DE,Germany,2021,238.22852
CO2,Carbon dioxide,CRF1A1,Fuel combustion in energy industries,DE,Germany,2022,248.30279
CO2,Carbon dioxide,CRF1A1,Fuel combustion in energy industries,DE,Germany,2023,196.0917
CO2,Carbon dioxide,CRF1A1,Fuel combustion in energy industries,DE,Germany,2024,181.19116
CO2,Carbon dioxide,CRF1A1,Fuel combustion in energy industries,DK,Denmark,2015,12.7353
CO2,Carbon dioxide,CRF1A1,Fuel combustion in energy industries,DK,Denmark,2016,13.90438
CO2,Carbon dioxide,CRF1A1,Fuel combustion in energy industries,DK,Denmark,2017,11.43221
CO2,Carbon dioxide,CRF1A1,Fuel combustion in energy industries,DK,Denmark,2018,11.31841
CO2,Carbon dioxide,CRF1A1,Fuel combustion in energy industries,DK,Denmark,2019,8.52693
CO2,Carbon dioxide,CRF1A1,Fuel combustion in energy industries,DK,Denmark,2020,7.20946
CO2,Carbon dioxide,CRF1A1,Fuel combustion in energy industries,DK,Denmark,2021,8.16465
CO2,Carbon dioxide,CRF1A1,Fuel combustion in energy industries,DK,Denmark,2022,8.13031
CO2,Carbon dioxide,CRF1A1,Fuel combustion in energy industries,DK,Denmark,2023,6.48993
CO2,Carbon dioxide,CRF1A1,Fuel combustion in energy industries,DK,Denmark,2024,5.9592
CO2,Carbon dioxide,CRF1A1,Fuel combustion in energy industries,EE,Estonia,2015,11.81443
CO2,Carbon dioxide,CRF1A1,Fuel combustion in energy industries,EE,Estonia,2016,13.41106
CO2,Carbon dioxide,CRF1A1,Fuel combustion in energy industries,EE,Estonia,2017,14.42553
CO2,Carbon dioxide,CRF1A1,Fuel combustion in energy industries,EE,Estonia,2018,13.55554
CO2,Carbon dioxide,CRF1A1,Fuel combustion in energy industries,EE,Estonia,2019,8.10981
CO2,Carbon dioxide,CRF1A1,Fuel combustion in energy industries,EE,Estonia,2020,5.71582
CO2,Carbon dioxide,CRF1A1,Fuel combustion in energy industries,EE,Estonia,2021,6.95057
CO2,Carbon dioxide,CRF1A1,Fuel combustion in energy industries,EE,Estonia,2022,8.58876
CO2,Carbon dioxide,CRF1A1,Fuel combustion in energy industries,EE,Estonia,2023,5.42266
CO2,Carbon dioxide,CRF1A1,Fuel combustion in energy industries,EE,Estonia,2024,4.69283
CO2,Carbon dioxide,CRF1A1,Fuel combustion in energy industries,EL,Greece,2015,40.77646
CO2,Carbon dioxide,CRF1A1,Fuel combustion in energy industries,EL,Greece,2016,36.90961
CO2,Carbon dioxide,CRF1A1,Fuel combustion in energy industries,EL,Greece,2017,39.81711
CO2,Carbon dioxide,CRF1A1,Fuel combustion in energy industries,EL,Greece,2018,38.14903
CO2,Carbon dioxide,CRF1A1,Fuel combustion in energy industries,EL,Greece,2019,31.88566
CO2,Carbon dioxide,CRF1A1,Fuel combustion in energy industries,EL,Greece,2020,24.42877
CO2,Carbon dioxide,CRF1A1,Fuel combustion in energy industries,EL,Greece,2021,25.42011
CO2,Carbon dioxide,CRF1A1,Fuel combustion in energy industries,EL,Greece,2022,24.68238
CO2,Carbon dioxide,CRF1A1,Fuel combustion in energy industries,EL,Greece,2023,20.90592
CO2,Carbon dioxide,CRF1A1,Fuel combustion in energy industries,EL,Greece,2024,21.16429
CO2,Carbon dioxide,CRF1A1,Fuel combustion in energy industries,ES,Spain,2015,84.01984
CO2,Carbon dioxide,CRF1A1,Fuel combustion in energy industries,ES,Spain,2016,69.12152
CO2,Carbon dioxide,CRF1A1,Fuel combustion in energy industries,ES,Spain,2017,79.24499
CO2,Carbon dioxide,CRF1A1,Fuel combustion in energy industries,ES,Spain,2018,69.93077
CO2,Carbon dioxide,CRF1A1,Fuel combustion in energy industries,ES,Spain,2019,54.55874
CO2,Carbon dioxide,CRF1A1,Fuel combustion in energy industries,ES,Spain,2020,40.21098
CO2,Carbon dioxide,CRF1A1,Fuel combustion in energy industries,ES,Spain,2021,40.63072
CO2,Carbon dioxide,CRF1A1,Fuel combustion in energy industries,ES,Spain,2022,52.41737
CO2,Carbon dioxide,CRF1A1,Fuel combustion in energy industries,ES,Spain,2023,41.00174
CO2,Carbon dioxide,CRF1A1,Fuel combustion in energy industries,ES,Spain,2024,36.48832
CO2,Carbon dioxide,CRF1A1,Fuel combustion in energy industries,EU27_2020,European Union - 27 countries (from 2020),2015,1102.5658
CO2,Carbon dioxide,CRF1A1,Fuel combustion in energy industries,EU27_2020,European Union - 27 countries (from 2020),2016,1078.27489
CO2,Carbon dioxide,CRF1A1,Fuel combustion in energy industries,EU27_2020,European Union - 27 countries (from 2020),2017,1075.08795
CO2,Carbon dioxide,CRF1A1,Fuel combustion in energy industries,EU27_2020,European Union - 27 countries (from 2020),2018,1013.64233
CO2,Carbon dioxide,CRF1A1,Fuel combustion in energy industries,EU27_2020,European Union - 27 countries (from 2020),2019,894.51528
CO2,Carbon dioxide,CRF1A1,Fuel combustion in energy industries,EU27_2020,European Union - 27 countries (from 2020),2020,768.01351
CO2,Carbon dioxide,CRF1A1,Fuel combustion in energy industries,EU27_2020,European Union - 27 countries (from 2020),2021,830.45353
CO2,Carbon dioxide,CRF1A1,Fuel combustion in energy industries,EU27_2020,European Union - 27 countries (from 2020),2022,849.85319
CO2,Carbon dioxide,CRF1A1,Fuel combustion in energy industries,EU27_2020,European Union - 27 countries (from 2020),2023,690.4829
CO2,Carbon dioxide,CRF1A1,Fuel combustion in energy industries,EU27_2020,European Union - 27 countries (from 2020),2024,634.77061
CO2,Carbon dioxide,CRF1A1,Fuel combustion in energy industries,FI,Finland,2015,17.41395
CO2,Carbon dioxide,CRF1A1,Fuel combustion in energy industries,FI,Finland,2016,18.75515
CO2,Carbon dioxide,CRF1A1,Fuel combustion in energy industries,FI,Finland,2017,17.14262
CO2,Carbon dioxide,CRF1A1,Fuel combustion in energy industries,FI,Finland,2018,18.26886
CO2,Carbon dioxide,CRF1A1,Fuel combustion in energy industries,FI,Finland,2019,15.83277
CO2,Carbon dioxide,CRF1A1,Fuel combustion in energy industries,FI,Finland,2020,12.72879
CO2,Carbon dioxide,CRF1A1,Fuel combustion in energy industries,FI,Finland,2021,13.0511
CO2,Carbon dioxide,CRF1A1,Fuel combustion in energy industries,FI,Finland,2022,12.54742
CO2,Carbon dioxide,CRF1A1,Fuel combustion in energy industries,FI,Finland,2023,9.74599
CO2,Carbon dioxide,CRF1A1,Fuel combustion in energy industries,FI,Finland,2024,8.14454
CO2,Carbon dioxide,CRF1A1,Fuel combustion in energy industries,FR,France,2015,44.68567
CO2,Carbon dioxide,CRF1A1,Fuel combustion in energy industries,FR,France,2016,48.19267
CO2,Carbon dioxide,CRF1A1,Fuel combustion in energy industries,FR,France,2017,52.09353
CO2,Carbon dioxide,CRF1A1,Fuel combustion in energy industries,FR,France,2018,42.70408
CO2,Carbon dioxide,CRF1A1,Fuel combustion in energy industries,FR,France,2019,41.33581
CO2,Carbon dioxide,CRF1A1,Fuel combustion in energy industries,FR,France,2020,36.90964
CO2,Carbon dioxide,CRF1A1,Fuel combustion in energy industries,FR,France,2021,39.52329
CO2,Carbon dioxide,CRF1A1,Fuel combustion in energy industries,FR,France,2022,41.19931
CO2,Carbon dioxide,CRF1A1,Fuel combustion in energy industries,FR,France,2023,33.46075
CO2,Carbon dioxide,CRF1A1,Fuel combustion in energy industries,FR,France,2024,28.32377
CO2,Carbon dioxide,CRF1A1,Fuel combustion in energy industries,HR,Croatia,2015,4.71882
CO2,Carbon dioxide,CRF1A1,Fuel combustion in energy industries,HR,Croatia,2016,4.84679
CO2,Carbon dioxide,CRF1A1,Fuel combustion in energy industries,HR,Croatia,2017,4.46477
CO2,Carbon dioxide,CRF1A1,Fuel combustion in energy industries,HR,Croatia,2018,3.90781
CO2,Carbon dioxide,CRF1A1,Fuel combustion in energy industries,HR,Croatia,2019,3.8785
CO2,Carbon dioxide,CRF1A1,Fuel combustion in energy industries,HR,Croatia,2020,3.66113
CO2,Carbon dioxide,CRF1A1,Fuel combustion in energy industries,HR,Croatia,2021,3.73098
CO2,Carbon dioxide,CRF1A1,Fuel combustion in energy industries,HR,Croatia,2022,4.06271
CO2,Carbon dioxide,CRF1A1,Fuel combustion in energy industries,HR,Croatia,2023,4.05435
CO2,Carbon dioxide,CRF1A1,Fuel combustion in energy industries,HR,Croatia,2024,3.13805
CO2,Carbon dioxide,CRF1A1,Fuel combustion in energy industries,HU,Hungary,2015,13.69029
CO2,Carbon dioxide,CRF1A1,Fuel combustion in energy industries,HU,Hungary,2016,13.45011
CO2,Carbon dioxide,CRF1A1,Fuel combustion in energy industries,HU,Hungary,2017,13.76351
CO2,Carbon dioxide,CRF1A1,Fuel combustion in energy industries,HU,Hungary,2018,13.01145
CO2,Carbon dioxide,CRF1A1,Fuel combustion in energy industries,HU,Hungary,2019,12.50489
CO2,Carbon dioxide,CRF1A1,Fuel combustion in energy industries,HU,Hungary,2020,12.26106
CO2,Carbon dioxide,CRF1A1,Fuel combustion in energy industries,HU,Hungary,2021,11.42264
CO2,Carbon dioxide,CRF1A1,Fuel combustion in energy industries,HU,Hungary,2022,10.66445
CO2,Carbon dioxide,CRF1A1,Fuel combustion in energy industries,HU,Hungary,2023,9.18504
CO2,Carbon dioxide,CRF1A1,Fuel combustion in energy industries,HU,Hungary,2024,8.65967
CO2,Carbon dioxide,CRF1A1,Fuel combustion in energy industries,IE,Ireland,2015,11.7375
CO2,Carbon dioxide,CRF1A1,Fuel combustion in energy industries,IE,Ireland,2016,12.44258
CO2,Carbon dioxide,CRF1A1,Fuel combustion in energy industries,IE,Ireland,2017,11.62763
CO2,Carbon dioxide,CRF1A1,Fuel combustion in energy industries,IE,Ireland,2018,10.30323
CO2,Carbon dioxide,CRF1A1,Fuel combustion in energy industries,IE,Ireland,2019,9.06179
CO2,Carbon dioxide,CRF1A1,Fuel combustion in energy industries,IE,Ireland,2020,8.42962
CO2,Carbon dioxide,CRF1A1,Fuel combustion in energy industries,IE,Ireland,2021,9.97847
CO2,Carbon dioxide,CRF1A1,Fuel combustion in energy industries,IE,Ireland,2022,9.78845
CO2,Carbon dioxide,CRF1A1,Fuel combustion in energy industries,IE,Ireland,2023,7.65775
CO2,Carbon dioxide,CRF1A1,Fuel combustion in energy industries,IE,Ireland,2024,6.96009
CO2,Carbon dioxide,CRF1A1,Fuel combustion in energy industries,IS,Iceland,2015,0.00418
CO2,Carbon dioxide,CRF1A1,Fuel combustion in energy industries,IS,Iceland,2016,0.00236
CO2,Carbon dioxide,CRF1A1,Fuel combustion in energy industries,IS,Iceland,2017,0.00231
CO2,Carbon dioxide,CRF1A1,Fuel combustion in energy industries,IS,Iceland,2018,0.00235
CO2,Carbon dioxide,CRF1A1,Fuel combustion in energy industries,IS,Iceland,2019,0.00495
CO2,Carbon dioxide,CRF1A1,Fuel combustion in energy industries,IS,Iceland,2020,0.00261
CO2,Carbon dioxide,CRF1A1,Fuel combustion in energy industries,IS,Iceland,2021,0.00319
CO2,Carbon dioxide,CRF1A1,Fuel combustion in energy industries,IS,Iceland,2022,0.01045
CO2,Carbon dioxide,CRF1A1,Fuel combustion in energy industries,IS,Iceland,2023,0.01092
CO2,Carbon dioxide,CRF1A1,Fuel combustion in energy industries,IS,Iceland,2024,0.0154
CO2,Carbon dioxide,CRF1A1,Fuel combustion in energy industries,IT,Italy,2015,105.48628
CO2,Carbon dioxide,CRF1A1,Fuel combustion in energy industries,IT,Italy,2016,104.13817
CO2,Carbon dioxide,CRF1A1,Fuel combustion in energy industries,IT,Italy,2017,104.28709
CO2,Carbon dioxide,CRF1A1,Fuel combustion in energy industries,IT,Italy,2018,95.33478
CO2,Carbon dioxide,CRF1A1,Fuel combustion in energy industries,IT,Italy,2019,91.23458
CO2,Carbon dioxide,CRF1A1,Fuel combustion in energy industries,IT,Italy,2020,81.21325
CO2,Carbon dioxide,CRF1A1,Fuel combustion in energy industries,IT,Italy,2021,85.43993
CO2,Carbon dioxide,CRF1A1,Fuel combustion in energy industries,IT,Italy,2022,94.05411
CO2,Carbon dioxide,CRF1A1,Fuel combustion in energy industries,IT,Italy,2023,74.81956
CO2,Carbon dioxide,CRF1A1,Fuel combustion in energy industries,IT,Italy,2024,63.5031
CO2,Carbon dioxide,CRF1A1,Fuel combustion in energy industries,LT,Lithuania,2015,3.09322
CO2,Carbon dioxide,CRF1A1,Fuel combustion in energy industries,LT,Lithuania,2016,2.88657
CO2,Carbon dioxide,CRF1A1,Fuel combustion in energy industries,LT,Lithuania,2017,2.51196
CO2,Carbon dioxide,CRF1A1,Fuel combustion in energy industries,LT,Lithuania,2018,2.36036
CO2,Carbon dioxide,CRF1A1,Fuel combustion in energy industries,LT,Lithuania,2019,2.18973
CO2,Carbon dioxide,CRF1A1,Fuel combustion in energy industries,LT,Lithuania,2020,2.49194
CO2,Carbon dioxide,CRF1A1,Fuel combustion in energy industries,LT,Lithuania,2021,2.6158
CO2,Carbon dioxide,CRF1A1,Fuel combustion in energy industries,LT,Lithuania,2022,2.4026
CO2,Carbon dioxide,CRF1A1,Fuel combustion in energy industries,LT,Lithuania,2023,2.3371
CO2,Carbon dioxide,CRF1A1,Fuel combustion in energy industries,LT,Lithuania,2024,2.18599
CO2,Carbon dioxide,CRF1A1,Fuel combustion in energy industries,LU,Luxembourg,2015,0.45684
CO2,Carbon dioxide,CRF1A1,Fuel combustion in energy industries,LU,Luxembourg,2016,0.24999
CO2,Carbon dioxide,CRF1A1,Fuel combustion in energy industries,LU,Luxembourg,2017,0.24022
CO2,Carbon dioxide,CRF1A1,Fuel combustion in energy industries,LU,Luxembourg,2018,0.21695
CO2,Carbon dioxide,CRF1A1,Fuel combustion in energy industries,LU,Luxembourg,2019,0.20302
CO2,Carbon dioxide,CRF1A1,Fuel combustion in energy industries,LU,Luxembourg,2020,0.20709
CO2,Carbon dioxide,CRF1A1,Fuel combustion in energy industries,LU,Luxembourg,2021,0.25774
CO2,Carbon dioxide,CRF1A1,Fuel combustion in energy industries,LU,Luxembourg,2022,0.21645
CO2,Carbon dioxide,CRF1A1,Fuel combustion in energy industries,LU,Luxembourg,2023,0.17756
CO2,Carbon dioxide,CRF1A1,Fuel combustion in energy industries,LU,Luxembourg,2024,0.15103
CO2,Carbon dioxide,CRF1A1,Fuel combustion in energy industries,LV,Latvia,2015,1.74642
CO2,Carbon dioxide,CRF1A1,Fuel combustion in energy industries,LV,Latvia,2016,1.8219
CO2,Carbon dioxide,CRF1A1,Fuel combustion in energy industries,LV,Latvia,2017,1.51068
CO2,Carbon dioxide,CRF1A1,Fuel combustion in energy industries,LV,Latvia,2018,1.89332
CO2,Carbon dioxide,CRF1A1,Fuel combustion in energy industries,LV,Latvia,2019,1.78309
CO2,Carbon dioxide,CRF1A1,Fuel combustion in energy industries,LV,Latvia,2020,1.32966
CO2,Carbon dioxide,CRF1A1,Fuel combustion in energy industries,LV,Latvia,2021,1.39268
CO2,Carbon dioxide,CRF1A1,Fuel combustion in energy industries,LV,Latvia,2022,0.9569
CO2,Carbon dioxide,CRF1A1,Fuel combustion in energy industries,LV,Latvia,2023,0.9674
CO2,Carbon dioxide,CRF1A1,Fuel combustion in energy industries,LV,Latvia,2024,1.05236
CO2,Carbon dioxide,CRF1A1,Fuel combustion in energy industries,MT,Malta,2015,0.88381
CO2,Carbon dioxide,CRF1A1,Fuel combustion in energy industries,MT,Malta,2016,0.57657
CO2,Carbon dioxide,CRF1A1,Fuel combustion in energy industries,MT,Malta,2017,0.72342
CO2,Carbon dioxide,CRF1A1,Fuel combustion in energy industries,MT,Malta,2018,0.69786
CO2,Carbon dioxide,CRF1A1,Fuel combustion in energy industries,MT,Malta,2019,0.73908
CO2,Carbon dioxide,CRF1A1,Fuel combustion in energy industries,MT,Malta,2020,0.80985
CO2,Carbon dioxide,CRF1A1,Fuel combustion in energy industries,MT,Malta,2021,0.77163
CO2,Carbon dioxide,CRF1A1,Fuel combustion in energy industries,MT,Malta,2022,0.79642
CO2,Carbon dioxide,CRF1A1,Fuel combustion in energy industries,MT,Malta,2023,0.7987
CO2,Carbon dioxide,CRF1A1,Fuel combustion in energy industries,MT,Malta,2024,0.7366
CO2,Carbon dioxide,CRF1A1,Fuel combustion in energy industries,NL,Netherlands,2015,69.20123
CO2,Carbon dioxide,CRF1A1,Fuel combustion in energy industries,NL,Netherlands,2016,67.30571
CO2,Carbon dioxide,CRF1A1,Fuel combustion in energy industries,NL,Netherlands,2017,62.95031
CO2,Carbon dioxide,CRF1A1,Fuel combustion in energy industries,NL,Netherlands,2018,59.2648
CO2,Carbon dioxide,CRF1A1,Fuel combustion in energy industries,NL,Netherlands,2019,56.73441
CO2,Carbon dioxide,CRF1A1,Fuel combustion in energy industries,NL,Netherlands,2020,46.91833
CO2,Carbon dioxide,CRF1A1,Fuel combustion in energy industries,NL,Netherlands,2021,46.92285
CO2,Carbon dioxide,CRF1A1,Fuel combustion in energy industries,NL,Netherlands,2022,44.95268
CO2,Carbon dioxide,CRF1A1,Fuel combustion in energy industries,NL,Netherlands,2023,37.08613
CO2,Carbon dioxide,CRF1A1,Fuel combustion in energy industries,NL,Netherlands,2024,36.00612
CO2,Carbon dioxide,CRF1A1,Fuel combustion in energy industries,NO,Norway,2015,15.20516
CO2,Carbon dioxide,CRF1A1,Fuel combustion in energy industries,NO,Norway,2016,14.75449
CO2,Carbon dioxide,CRF1A1,Fuel combustion in energy industries,NO,Norway,2017,15.09677
CO2,Carbon dioxide,CRF1A1,Fuel combustion in energy industries,NO,Norway,2018,14.98787
CO2,Carbon dioxide,CRF1A1,Fuel combustion in energy industries,NO,Norway,2019,14.82967
CO2,Carbon dioxide,CRF1A1,Fuel combustion in energy industries,NO,Norway,2020,14.12133
CO2,Carbon dioxide,CRF1A1,Fuel combustion in energy industries,NO,Norway,2021,13.13671
CO2,Carbon dioxide,CRF1A1,Fuel combustion in energy industries,NO,Norway,2022,12.58027
CO2,Carbon dioxide,CRF1A1,Fuel combustion in energy industries,NO,Norway,2023,12.22452
CO2,Carbon dioxide,CRF1A1,Fuel combustion in energy industries,NO,Norway,2024,11.71678
CO2,Carbon dioxide,CRF1A1,Fuel combustion in energy industries,PL,Poland,2015,162.9905
CO2,Carbon dioxide,CRF1A1,Fuel combustion in energy industries,PL,Poland,2016,162.86159
CO2,Carbon dioxide,CRF1A1,Fuel combustion in energy industries,PL,Poland,2017,164.58243
CO2,Carbon dioxide,CRF1A1,Fuel combustion in energy industries,PL,Poland,2018,162.63321
CO2,Carbon dioxide,CRF1A1,Fuel combustion in energy industries,PL,Poland,2019,149.92434
CO2,Carbon dioxide,CRF1A1,Fuel combustion in energy industries,PL,Poland,2020,139.00385
CO2,Carbon dioxide,CRF1A1,Fuel combustion in energy industries,PL,Poland,2021,159.55027
CO2,Carbon dioxide,CRF1A1,Fuel combustion in energy industries,PL,Poland,2022,152.34708
CO2,Carbon dioxide,CRF1A1,Fuel combustion in energy industries,PL,Poland,2023,127.03657
CO2,Carbon dioxide,CRF1A1,Fuel combustion in energy industries,PL,Poland,2024,123.43294
CO2,Carbon dioxide,CRF1A1,Fuel combustion in energy industries,PT,Portugal,2015,18.23832
CO2,Carbon dioxide,CRF1A1,Fuel combustion in energy industries,PT,Portugal,2016,17.29022
CO2,Carbon dioxide,CRF1A1,Fuel combustion in energy industries,PT,Portugal,2017,21.12857
CO2,Carbon dioxide,CRF1A1,Fuel combustion in energy industries,PT,Portugal,2018,17.72113
CO2,Carbon dioxide,CRF1A1,Fuel combustion in energy industries,PT,Portugal,2019,12.91864
CO2,Carbon dioxide,CRF1A1,Fuel combustion in energy industries,PT,Portugal,2020,10.26731
CO2,Carbon dioxide,CRF1A1,Fuel combustion in energy industries,PT,Portugal,2021,8.20502
CO2,Carbon dioxide,CRF1A1,Fuel combustion in energy industries,PT,Portugal,2022,8.25251
CO2,Carbon dioxide,CRF1A1,Fuel combustion in energy industries,PT,Portugal,2023,5.77902
CO2,Carbon dioxide,CRF1A1,Fuel combustion in energy industries,PT,Portugal,2024,4.25338
CO2,Carbon dioxide,CRF1A1,Fuel combustion in energy industries,RO,Romania,2015,24.23821
CO2,Carbon dioxide,CRF1A1,Fuel combustion in energy industries,RO,Romania,2016,22.63182
CO2,Carbon dioxide,CRF1A1,Fuel combustion in energy industries,RO,Romania,2017,23.87325
CO2,Carbon dioxide,CRF1A1,Fuel combustion in energy industries,RO,Romania,2018,22.21998
CO2,Carbon dioxide,CRF1A1,Fuel combustion in energy industries,RO,Romania,2019,18.83681
CO2,Carbon dioxide,CRF1A1,Fuel combustion in energy industries,RO,Romania,2020,14.98648
CO2,Carbon dioxide,CRF1A1,Fuel combustion in energy industries,RO,Romania,2021,15.53112
CO2,Carbon dioxide,CRF1A1,Fuel combustion in energy industries,RO,Romania,2022,14.45924
CO2,Carbon dioxide,CRF1A1,Fuel combustion in energy industries,RO,Romania,2023,12.72988
CO2,Carbon dioxide,CRF1A1,Fuel combustion in energy industries,RO,Romania,2024,12.31798
CO2,Carbon dioxide,CRF1A1,Fuel combustion in energy industries,SE,Sweden,2015,9.16867
CO2,Carbon dioxide,CRF1A1,Fuel combustion in energy industries,SE,Sweden,2016,9.73354
CO2,Carbon dioxide,CRF1A1,Fuel combustion in energy industries,SE,Sweden,2017,9.58622
CO2,Carbon dioxide,CRF1A1,Fuel combustion in energy industries,SE,Sweden,2018,10.07027
CO2,Carbon dioxide,CRF1A1,Fuel combustion in energy industries,SE,Sweden,2019,8.39075
CO2,Carbon dioxide,CRF1A1,Fuel combustion in energy industries,SE,Sweden,2020,7.75155
CO2,Carbon dioxide,CRF1A1,Fuel combustion in energy industries,SE,Sweden,2021,8.79943
CO2,Carbon dioxide,CRF1A1,Fuel combustion in energy industries,SE,Sweden,2022,2.3422
CO2,Carbon dioxide,CRF1A1,Fuel combustion in energy industries,SE,Sweden,2023,8.18897
CO2,Carbon dioxide,CRF1A1,Fuel combustion in energy industries,SE,Sweden,2024,7.99016
CO2,Carbon dioxide,CRF1A1,Fuel combustion in energy industries,SI,Slovenia,2015,4.5448
CO2,Carbon dioxide,CRF1A1,Fuel combustion in energy industries,SI,Slovenia,2016,4.91189
CO2,Carbon dioxide,CRF1A1,Fuel combustion in energy industries,SI,Slovenia,2017,4.89923
CO2,Carbon dioxide,CRF1A1,Fuel combustion in energy industries,SI,Slovenia,2018,4.78424
CO2,Carbon dioxide,CRF1A1,Fuel combustion in energy industries,SI,Slovenia,2019,4.55799
CO2,Carbon dioxide,CRF1A1,Fuel combustion in energy industries,SI,Slovenia,2020,4.49439
CO2,Carbon dioxide,CRF1A1,Fuel combustion in energy industries,SI,Slovenia,2021,4.17869
CO2,Carbon dioxide,CRF1A1,Fuel combustion in energy industries,SI,Slovenia,2022,3.40057
CO2,Carbon dioxide,CRF1A1,Fuel combustion in energy industries,SI,Slovenia,2023,3.29123
CO2,Carbon dioxide,CRF1A1,Fuel combustion in energy industries,SI,Slovenia,2024,3.61551
CO2,Carbon dioxide,CRF1A1,Fuel combustion in energy industries,SK,Slovakia,2015,8.02455
CO2,Carbon dioxide,CRF1A1,Fuel combustion in energy industries,SK,Slovakia,2016,7.97284
CO2,Carbon dioxide,CRF1A1,Fuel combustion in energy industries,SK,Slovakia,2017,7.94268
CO2,Carbon dioxide,CRF1A1,Fuel combustion in energy industries,SK,Slovakia,2018,7.71184
CO2,Carbon dioxide,CRF1A1,Fuel combustion in energy industries,SK,Slovakia,2019,7.33288
CO2,Carbon dioxide,CRF1A1,Fuel combustion in energy industries,SK,Slovakia,2020,6.71071
CO2,Carbon dioxide,CRF1A1,Fuel combustion in energy industries,SK,Slovakia,2021,7.26351
CO2,Carbon dioxide,CRF1A1,Fuel combustion in energy industries,SK,Slovakia,2022,6.36607
CO2,Carbon dioxide,CRF1A1,Fuel combustion in energy industries,SK,Slovakia,2023,6.35316
CO2,Carbon dioxide,CRF1A1,Fuel combustion in energy industries,SK,Slovakia,2024,5.29653
CO2,Carbon dioxide,CRF1A1,Fuel combustion in energy industries,TR,Türkiye,2015,135.05085
CO2,Carbon dioxide,CRF1A1,Fuel combustion in energy industries,TR,Türkiye,2016,143.67529
CO2,Carbon dioxide,CRF1A1,Fuel combustion in energy industries,TR,Türkiye,2017,154.48189
CO2,Carbon dioxide,CRF1A1,Fuel combustion in energy industries,TR,Türkiye,2018,157.53973
CO2,Carbon dioxide,CRF1A1,Fuel combustion in energy industries,TR,Türkiye,2019,148.7928
CO2,Carbon dioxide,CRF1A1,Fuel combustion in energy industries,TR,Türkiye,2020,141.0542
CO2,Carbon dioxide,CRF1A1,Fuel combustion in energy industries,TR,Türkiye,2021,158.03636
CO2,Carbon dioxide,CRF1A1,Fuel combustion in energy industries,TR,Türkiye,2022,154.78403
CO2,Carbon dioxide,CRF1A1,Fuel combustion in energy industries,TR,Türkiye,2023,153.07392
CO2,Carbon dioxide,CRF1A1,Fuel combustion in energy industries,TR,Türkiye,2024,160.11157
CO2,Carbon dioxide,CRF1A1,Fuel combustion in energy industries,AT,Austria,2015,10333.98
CO2,Carbon dioxide,CRF1A1,Fuel combustion in energy industries,AT,Austria,2016,10119.2
CO2,Carbon dioxide,CRF1A1,Fuel combustion in energy industries,AT,Austria,2017,10730.59
CO2,Carbon dioxide,CRF1A1,Fuel combustion in energy industries,AT,Austria,2018,9884.9
CO2,Carbon dioxide,CRF1A1,Fuel combustion in energy industries,AT,Austria,2019,9921.08
CO2,Carbon dioxide,CRF1A1,Fuel combustion in energy industries,AT,Austria,2020,8553.18
CO2,Carbon dioxide,CRF1A1,Fuel combustion in energy industries,AT,Austria,2021,8569.69
CO2,Carbon dioxide,CRF1A1,Fuel combustion in energy industries,AT,Austria,2022,8060.38
CO2,Carbon dioxide,CRF1A1,Fuel combustion in energy industries,AT,Austria,2023,7184.64
CO2,Carbon dioxide,CRF1A1,Fuel combustion in energy industries,AT,Austria,2024,7147.49
CO2,Carbon dioxide,CRF1A1,Fuel combustion in energy industries,BE,Belgium,2015,20621.41
CO2,Carbon dioxide,CRF1A1,Fuel combustion in energy industries,BE,Belgium,2016,19324.72
CO2,Carbon dioxide,CRF1A1,Fuel combustion in energy industries,BE,Belgium,2017,19460.67
CO2,Carbon dioxide,CRF1A1,Fuel combustion in energy industries,BE,Belgium,2018,19417.15
CO2,Carbon dioxide,CRF1A1,Fuel combustion in energy industries,BE,Belgium,2019,20721.36
CO2,Carbon dioxide,CRF1A1,Fuel combustion in energy industries,BE,Belgium,2020,18777.6
CO2,Carbon dioxide,CRF1A1,Fuel combustion in energy industries,BE,Belgium,2021,18018.29
CO2,Carbon dioxide,CRF1A1,Fuel combustion in energy industries,BE,Belgium,2022,18337.56
CO2,Carbon dioxide,CRF1A1,Fuel combustion in energy industries,BE,Belgium,2023,15525.37
CO2,Carbon dioxide,CRF1A1,Fuel combustion in energy industries,BE,Belgium,2024,14683.76
CO2,Carbon dioxide,CRF1A1,Fuel combustion in energy industries,BG,Bulgaria,2015,29653.07
CO2,Carbon dioxide,CRF1A1,Fuel combustion in energy industries,BG,Bulgaria,2016,26259.68
CO2,Carbon dioxide,CRF1A1,Fuel combustion in energy industries,BG,Bulgaria,2017,27543.82
CO2,Carbon dioxide,CRF1A1,Fuel combustion in energy industries,BG,Bulgaria,2018,23416.59
CO2,Carbon dioxide,CRF1A1,Fuel combustion in energy industries,BG,Bulgaria,2019,22428.67
CO2,Carbon dioxide,CRF1A1,Fuel combustion in energy industries,BG,Bulgaria,2020,17817.26
CO2,Carbon dioxide,CRF1A1,Fuel combustion in energy industries,BG,Bulgaria,2021,21976.54
CO2,Carbon dioxide,CRF1A1,Fuel combustion in energy industries,BG,Bulgaria,2022,26874.26
CO2,Carbon dioxide,CRF1A1,Fuel combustion in energy industries,BG,Bulgaria,2023,15672.48
CO2,Carbon dioxide,CRF1A1,Fuel combustion in energy industries,BG,Bulgaria,2024,12765.1
CO2,Carbon dioxide,CRF1A1,Fuel combustion in energy industries,CH,Switzerland,2015,3295.39
CO2,Carbon dioxide,CRF1A1,Fuel combustion in energy industries,CH,Switzerland,2016,3393.06
CO2,Carbon dioxide,CRF1A1,Fuel combustion in energy industries,CH,Switzerland,2017,3322.88
CO2,Carbon dioxide,CRF1A1,Fuel combustion in energy industries,CH,Switzerland,2018,3396.79
CO2,Carbon dioxide,CRF1A1,Fuel combustion in energy industries,CH,Switzerland,2019,3418.1
CO2,Carbon dioxide,CRF1A1,Fuel combustion in energy industries,CH,Switzerland,2020,3386.17
CO2,Carbon dioxide,CRF1A1,Fuel combustion in energy industries,CH,Switzerland,2021,3349.34
CO2,Carbon dioxide,CRF1A1,Fuel combustion in energy industries,CH,Switzerland,2022,3296.42
CO2,Carbon dioxide,CRF1A1,Fuel combustion in energy industries,CH,Switzerland,2023,3188.48
CO2,Carbon dioxide,CRF1A1,Fuel combustion in energy industries,CH,Switzerland,2024,3189.18
CO2,Carbon dioxide,CRF1A1,Fuel combustion in energy industries,CY,Cyprus,2015,3023.0
CO2,Carbon dioxide,CRF1A1,Fuel combustion in energy industries,CY,Cyprus,2016,3300.0
CO2,Carbon dioxide,CRF1A1,Fuel combustion in energy industries,CY,Cyprus,2017,3287.83
CO2,Carbon dioxide,CRF1A1,Fuel combustion in energy industries,CY,Cyprus,2018,3342.36
CO2,Carbon dioxide,CRF1A1,Fuel combustion in energy industries,CY,Cyprus,2019,3282.06
CO2,Carbon dioxide,CRF1A1,Fuel combustion in energy industries,CY,Cyprus,2020,3023.11
CO2,Carbon dioxide,CRF1A1,Fuel combustion in energy industries,CY,Cyprus,2021,3077.69
CO2,Carbon dioxide,CRF1A1,Fuel combustion in energy industries,CY,Cyprus,2022,3104.71
CO2,Carbon dioxide,CRF1A1,Fuel combustion in energy industries,CY,Cyprus,2023,3049.92
CO2,Carbon dioxide,CRF1A1,Fuel combustion in energy industries,CY,Cyprus,2024,3215.45
CO2,Carbon dioxide,CRF1A1,Fuel combustion in energy industries,CZ,Czechia,2015,53405.85
CO2,Carbon dioxide,CRF1A1,Fuel combustion in energy industries,CZ,Czechia,2016,54165.4
CO2,Carbon dioxide,CRF1A1,Fuel combustion in energy industries,CZ,Czechia,2017,53383.95
CO2,Carbon dioxide,CRF1A1,Fuel combustion in energy industries,CZ,Czechia,2018,52675.57
CO2,Carbon dioxide,CRF1A1,Fuel combustion in energy industries,CZ,Czechia,2019,48932.97
CO2,Carbon dioxide,CRF1A1,Fuel combustion in energy industries,CZ,Czechia,2020,41378.75
CO2,Carbon dioxide,CRF1A1,Fuel combustion in energy industries,CZ,Czechia,2021,40781.6
CO2,Carbon dioxide,CRF1A1,Fuel combustion in energy industries,CZ,Czechia,2022,42545.48
CO2,Carbon dioxide,CRF1A1,Fuel combustion in energy industries,CZ,Czechia,2023,35469.37
CO2,Carbon dioxide,CRF1A1,Fuel combustion in energy industries,CZ,Czechia,2024,31695.18
CO2,Carbon dioxide,CRF1A1,Fuel combustion in energy industries,DE,Germany,2015,335863.4
CO2,Carbon dioxide,CRF1A1,Fuel combustion in energy industries,DE,Germany,2016,331691.21
CO2,Carbon dioxide,CRF1A1,Fuel combustion in energy industries,DE,Germany,2017,312433.12
CO2,Carbon dioxide,CRF1A1,Fuel combustion in energy industries,DE,Germany,2018,298847.82
CO2,Carbon dioxide,CRF1A1,Fuel combustion in energy industries,DE,Germany,2019,248688.89
CO2,Carbon dioxide,CRF1A1,Fuel combustion in energy industries,DE,Germany,2020,210723.94
CO2,Carbon dioxide,CRF1A1,Fuel combustion in energy industries,DE,Germany,2021,238228.52
CO2,Carbon dioxide,CRF1A1,Fuel combustion in energy industries,DE,Germany,2022,248302.79
CO2,Carbon dioxide,CRF1A1,Fuel combustion in energy industries,DE,Germany,2023,196091.7
CO2,Carbon dioxide,CRF1A1,Fuel combustion in energy industries,DE,Germany,2024,181191.16
CO2,Carbon dioxide,CRF1A1,Fuel combustion in energy industries,DK,Denmark,2015,12735.3
CO2,Carbon dioxide,CRF1A1,Fuel combustion in energy industries,DK,Denmark,2016,13904.38
CO2,Carbon dioxide,CRF1A1,Fuel combustion in energy industries,DK,Denmark,2017,11432.21
CO2,Carbon dioxide,CRF1A1,Fuel combustion in energy industries,DK,Denmark,2018,11318.41
CO2,Carbon dioxide,CRF1A1,Fuel combustion in energy industries,DK,Denmark,2019,8526.93
CO2,Carbon dioxide,CRF1A1,Fuel combustion in energy industries,DK,Denmark,2020,7209.46
CO2,Carbon dioxide,CRF1A1,Fuel combustion in energy industries,DK,Denmark,2021,8164.65
CO2,Carbon dioxide,CRF1A1,Fuel combustion in energy industries,DK,Denmark,2022,8130.31
CO2,Carbon dioxide,CRF1A1,Fuel combustion in energy industries,DK,Denmark,2023,6489.93
CO2,Carbon dioxide,CRF1A1,Fuel combustion in energy industries,DK,Denmark,2024,5959.2
CO2,Carbon dioxide,CRF1A1,Fuel combustion in energy industries,EE,Estonia,2015,11814.43
CO2,Carbon dioxide,CRF1A1,Fuel combustion in energy industries,EE,Estonia,2016,13411.06
CO2,Carbon dioxide,CRF1A1,Fuel combustion in energy industries,EE,Estonia,2017,14425.53
CO2,Carbon dioxide,CRF1A1,Fuel combustion in energy industries,EE,Estonia,2018,13555.54
CO2,Carbon dioxide,CRF1A1,Fuel combustion in energy industries,EE,Estonia,2019,8109.81
CO2,Carbon dioxide,CRF1A1,Fuel combustion in energy industries,EE,Estonia,2020,5715.82
CO2,Carbon dioxide,CRF1A1,Fuel combustion in energy industries,EE,Estonia,2021,6950.57
CO2,Carbon dioxide,CRF1A1,Fuel combustion in energy industries,EE,Estonia,2022,8588.76
CO2,Carbon dioxide,CRF1A1,Fuel combustion in energy industries,EE,Estonia,2023,5422.66
CO2,Carbon dioxide,CRF1A1,Fuel combustion in energy industries,EE,Estonia,2024,4692.83
CO2,Carbon dioxide,CRF1A1,Fuel combustion in energy industries,EL,Greece,2015,40776.46
CO2,Carbon dioxide,CRF1A1,Fuel combustion in energy industries,EL,Greece,2016,36909.61
CO2,Carbon dioxide,CRF1A1,Fuel combustion in energy industries,EL,Greece,2017,39817.11
CO2,Carbon dioxide,CRF1A1,Fuel combustion in energy industries,EL,Greece,2018,38149.03
CO2,Carbon dioxide,CRF1A1,Fuel combustion in energy industries,EL,Greece,2019,31885.66
CO2,Carbon dioxide,CRF1A1,Fuel combustion in energy industries,EL,Greece,2020,24428.77
CO2,Carbon dioxide,CRF1A1,Fuel combustion in energy industries,EL,Greece,2021,25420.11
CO2,Carbon dioxide,CRF1A1,Fuel combustion in energy industries,EL,Greece,2022,24682.38
CO2,Carbon dioxide,CRF1A1,Fuel combustion in energy industries,EL,Greece,2023,20905.92
CO2,Carbon dioxide,CRF1A1,Fuel combustion in energy industries,EL,Greece,2024,21164.29
CO2,Carbon dioxide,CRF1A1,Fuel combustion in energy industries,ES,Spain,2015,84019.84
CO2,Carbon dioxide,CRF1A1,Fuel combustion in energy industries,ES,Spain,2016,69121.52
CO2,Carbon dioxide,CRF1A1,Fuel combustion in energy industries,ES,Spain,2017,79244.99
CO2,Carbon dioxide,CRF1A1,Fuel combustion in energy industries,ES,Spain,2018,69930.77
CO2,Carbon dioxide,CRF1A1,Fuel combustion in energy industries,ES,Spain,2019,54558.74
CO2,Carbon dioxide,CRF1A1,Fuel combustion in energy industries,ES,Spain,2020,40210.98
CO2,Carbon dioxide,CRF1A1,Fuel combustion in energy industries,ES,Spain,2021,40630.72
CO2,Carbon dioxide,CRF1A1,Fuel combustion in energy industries,ES,Spain,2022,52417.37
CO2,Carbon dioxide,CRF1A1,Fuel combustion in energy industries,ES,Spain,2023,41001.74
CO2,Carbon dioxide,CRF1A1,Fuel combustion in energy industries,ES,Spain,2024,36488.32
CO2,Carbon dioxide,CRF1A1,Fuel combustion in energy industries,EU27_2020,European Union - 27 countries (from 2020),2015,1102565.8
CO2,Carbon dioxide,CRF1A1,Fuel combustion in energy industries,EU27_2020,European Union - 27 countries (from 2020),2016,1078274.89
CO2,Carbon dioxide,CRF1A1,Fuel combustion in energy industries,EU27_2020,European Union - 27 countries (from 2020),2017,1075087.95
CO2,Carbon dioxide,CRF1A1,Fuel combustion in energy industries,EU27_2020,European Union - 27 countries (from 2020),2018,1013642.33
CO2,Carbon dioxide,CRF1A1,Fuel combustion in energy industries,EU27_2020,European Union - 27 countries (from 2020),2019,894515.28
CO2,Carbon dioxide,CRF1A1,Fuel combustion in energy industries,EU27_2020,European Union - 27 countries (from 2020),2020,768013.51
CO2,Carbon dioxide,CRF1A1,Fuel combustion in energy industries,EU27_2020,European Union - 27 countries (from 2020),2021,830453.53
CO2,Carbon dioxide,CRF1A1,Fuel combustion in energy industries,EU27_2020,European Union - 27 countries (from 2020),2022,849853.19
CO2,Carbon dioxide,CRF1A1,Fuel combustion in energy industries,EU27_2020,European Union - 27 countries (from 2020),2023,690482.9
CO2,Carbon dioxide,CRF1A1,Fuel combustion in energy industries,EU27_2020,European Union - 27 countries (from 2020),2024,634770.61
CO2,Carbon dioxide,CRF1A1,Fuel combustion in energy industries,FI,Finland,2015,17413.95
CO2,Carbon dioxide,CRF1A1,Fuel combustion in energy industries,FI,Finland,2016,18755.15
CO2,Carbon dioxide,CRF1A1,Fuel combustion in energy industries,FI,Finland,2017,17142.62
CO2,Carbon dioxide,CRF1A1,Fuel combustion in energy industries,FI,Finland,2018,18268.86
CO2,Carbon dioxide,CRF1A1,Fuel combustion in energy industries,FI,Finland,2019,15832.77
CO2,Carbon dioxide,CRF1A1,Fuel combustion in energy industries,FI,Finland,2020,12728.79
CO2,Carbon dioxide,CRF1A1,Fuel combustion in energy industries,FI,Finland,2021,13051.1
CO2,Carbon dioxide,CRF1A1,Fuel combustion in energy industries,FI,Finland,2022,12547.42
CO2,Carbon dioxide,CRF1A1,Fuel combustion in energy industries,FI,Finland,2023,9745.99
CO2,Carbon dioxide,CRF1A1,Fuel combustion in energy industries,FI,Finland,2024,8144.54
CO2,Carbon dioxide,CRF1A1,Fuel combustion in energy industries,FR,France,2015,44685.67
CO2,Carbon dioxide,CRF1A1,Fuel combustion in energy industries,FR,France,2016,48192.67
CO2,Carbon dioxide,CRF1A1,Fuel combustion in energy industries,FR,France,2017,52093.53
CO2,Carbon dioxide,CRF1A1,Fuel combustion in energy industries,FR,France,2018,42704.08
CO2,Carbon dioxide,CRF1A1,Fuel combustion in energy industries,FR,France,2019,41335.81
CO2,Carbon dioxide,CRF1A1,Fuel combustion in energy industries,FR,France,2020,36909.64
CO2,Carbon dioxide,CRF1A1,Fuel combustion in energy industries,FR,France,2021,39523.29
CO2,Carbon dioxide,CRF1A1,Fuel combustion in energy industries,FR,France,2022,41199.31
CO2,Carbon dioxide,CRF1A1,Fuel combustion in energy industries,FR,France,2023,33460.75
CO2,Carbon dioxide,CRF1A1,Fuel combustion in energy industries,FR,France,2024,28323.77
CO2,Carbon dioxide,CRF1A1,Fuel combustion in energy industries,HR,Croatia,2015,4718.82
CO2,Carbon dioxide,CRF1A1,Fuel combustion in energy industries,HR,Croatia,2016,4846.79
CO2,Carbon dioxide,CRF1A1,Fuel combustion in energy industries,HR,Croatia,2017,4464.77
CO2,Carbon dioxide,CRF1A1,Fuel combustion in energy industries,HR,Croatia,2018,3907.81
CO2,Carbon dioxide,CRF1A1,Fuel combustion in energy industries,HR,Croatia,2019,3878.5
CO2,Carbon dioxide,CRF1A1,Fuel combustion in energy industries,HR,Croatia,2020,3661.13
CO2,Carbon dioxide,CRF1A1,Fuel combustion in energy industries,HR,Croatia,2021,3730.98
CO2,Carbon dioxide,CRF1A1,Fuel combustion in energy industries,HR,Croatia,2022,4062.71
CO2,Carbon dioxide,CRF1A1,Fuel combustion in energy industries,HR,Croatia,2023,4054.35
CO2,Carbon dioxide,CRF1A1,Fuel combustion in energy industries,HR,Croatia,2024,3138.05
CO2,Carbon dioxide,CRF1A1,Fuel combustion in energy industries,HU,Hungary,2015,13690.29
CO2,Carbon dioxide,CRF1A1,Fuel combustion in energy industries,HU,Hungary,2016,13450.11
CO2,Carbon dioxide,CRF1A1,Fuel combustion in energy industries,HU,Hungary,2017,13763.51
CO2,Carbon dioxide,CRF1A1,Fuel combustion in energy industries,HU,Hungary,2018,13011.45
CO2,Carbon dioxide,CRF1A1,Fuel combustion in energy industries,HU,Hungary,2019,12504.89
CO2,Carbon dioxide,CRF1A1,Fuel combustion in energy industries,HU,Hungary,2020,12261.06
CO2,Carbon dioxide,CRF1A1,Fuel combustion in energy industries,HU,Hungary,2021,11422.64
CO2,Carbon dioxide,CRF1A1,Fuel combustion in energy industries,HU,Hungary,2022,10664.45
CO2,Carbon dioxide,CRF1A1,Fuel combustion in energy industries,HU,Hungary,2023,9185.04
CO2,Carbon dioxide,CRF1A1,Fuel combustion in energy industries,HU,Hungary,2024,8659.67
CO2,Carbon dioxide,CRF1A1,Fuel combustion in energy industries,IE,Ireland,2015,11737.5
CO2,Carbon dioxide,CRF1A1,Fuel combustion in energy industries,IE,Ireland,2016,12442.58
CO2,Carbon dioxide,CRF1A1,Fuel combustion in energy industries,IE,Ireland,2017,11627.63
CO2,Carbon dioxide,CRF1A1,Fuel combustion in energy industries,IE,Ireland,2018,10303.23
CO2,Carbon dioxide,CRF1A1,Fuel combustion in energy industries,IE,Ireland,2019,9061.79
CO2,Carbon dioxide,CRF1A1,Fuel combustion in energy industries,IE,Ireland,2020,8429.62
CO2,Carbon dioxide,CRF1A1,Fuel combustion in energy industries,IE,Ireland,2021,9978.47
CO2,Carbon dioxide,CRF1A1,Fuel combustion in energy industries,IE,Ireland,2022,9788.45
CO2,Carbon dioxide,CRF1A1,Fuel combustion in energy industries,IE,Ireland,2023,7657.75
CO2,Carbon dioxide,CRF1A1,Fuel combustion in energy industries,IE,Ireland,2024,6960.09
CO2,Carbon dioxide,CRF1A1,Fuel combustion in energy industries,IS,Iceland,2015,4.18
CO2,Carbon dioxide,CRF1A1,Fuel combustion in energy industries,IS,Iceland,2016,2.36
CO2,Carbon dioxide,CRF1A1,Fuel combustion in energy industries,IS,Iceland,2017,2.31
CO2,Carbon dioxide,CRF1A1,Fuel combustion in energy industries,IS,Iceland,2018,2.35
CO2,Carbon dioxide,CRF1A1,Fuel combustion in energy industries,IS,Iceland,2019,4.95
CO2,Carbon dioxide,CRF1A1,Fuel combustion in energy industries,IS,Iceland,2020,2.61
CO2,Carbon dioxide,CRF1A1,Fuel combustion in energy industries,IS,Iceland,2021,3.19
CO2,Carbon dioxide,CRF1A1,Fuel combustion in energy industries,IS,Iceland,2022,10.45
CO2,Carbon dioxide,CRF1A1,Fuel combustion in energy industries,IS,Iceland,2023,10.92
CO2,Carbon dioxide,CRF1A1,Fuel combustion in energy industries,IS,Iceland,2024,15.4
CO2,Carbon dioxide,CRF1A1,Fuel combustion in energy industries,IT,Italy,2015,105486.28
CO2,Carbon dioxide,CRF1A1,Fuel combustion in energy industries,IT,Italy,2016,104138.17
CO2,Carbon dioxide,CRF1A1,Fuel combustion in energy industries,IT,Italy,2017,104287.09
CO2,Carbon dioxide,CRF1A1,Fuel combustion in energy industries,IT,Italy,2018,95334.78
CO2,Carbon dioxide,CRF1A1,Fuel combustion in energy industries,IT,Italy,2019,91234.58
CO2,Carbon dioxide,CRF1A1,Fuel combustion in energy industries,IT,Italy,2020,81213.25
CO2,Carbon dioxide,CRF1A1,Fuel combustion in energy industries,IT,Italy,2021,85439.93
CO2,Carbon dioxide,CRF1A1,Fuel combustion in energy industries,IT,Italy,2022,94054.11
CO2,Carbon dioxide,CRF1A1,Fuel combustion in energy industries,IT,Italy,2023,74819.56
CO2,Carbon dioxide,CRF1A1,Fuel combustion in energy industries,IT,Italy,2024,63503.1
CO2,Carbon dioxide,CRF1A1,Fuel combustion in energy industries,LT,Lithuania,2015,3093.22
CO2,Carbon dioxide,CRF1A1,Fuel combustion in energy industries,LT,Lithuania,2016,2886.57
CO2,Carbon dioxide,CRF1A1,Fuel combustion in energy industries,LT,Lithuania,2017,2511.96
CO2,Carbon dioxide,CRF1A1,Fuel combustion in energy industries,LT,Lithuania,2018,2360.36
CO2,Carbon dioxide,CRF1A1,Fuel combustion in energy industries,LT,Lithuania,2019,2189.73
CO2,Carbon dioxide,CRF1A1,Fuel combustion in energy industries,LT,Lithuania,2020,2491.94
CO2,Carbon dioxide,CRF1A1,Fuel combustion in energy industries,LT,Lithuania,2021,2615.8
CO2,Carbon dioxide,CRF1A1,Fuel combustion in energy industries,LT,Lithuania,2022,2402.6
CO2,Carbon dioxide,CRF1A1,Fuel combustion in energy industries,LT,Lithuania,2023,2337.1
CO2,Carbon dioxide,CRF1A1,Fuel combustion in energy industries,LT,Lithuania,2024,2185.99
CO2,Carbon dioxide,CRF1A1,Fuel combustion in energy industries,LU,Luxembourg,2015,456.84
CO2,Carbon dioxide,CRF1A1,Fuel combustion in energy industries,LU,Luxembourg,2016,249.99
CO2,Carbon dioxide,CRF1A1,Fuel combustion in energy industries,LU,Luxembourg,2017,240.22
CO2,Carbon dioxide,CRF1A1,Fuel combustion in energy industries,LU,Luxembourg,2018,216.95
CO2,Carbon dioxide,CRF1A1,Fuel combustion in energy industries,LU,Luxembourg,2019,203.02
CO2,Carbon dioxide,CRF1A1,Fuel combustion in energy industries,LU,Luxembourg,2020,207.09
CO2,Carbon dioxide,CRF1A1,Fuel combustion in energy industries,LU,Luxembourg,2021,257.74
CO2,Carbon dioxide,CRF1A1,Fuel combustion in energy industries,LU,Luxembourg,2022,216.45
CO2,Carbon dioxide,CRF1A1,Fuel combustion in energy industries,LU,Luxembourg,2023,177.56
CO2,Carbon dioxide,CRF1A1,Fuel combustion in energy industries,LU,Luxembourg,2024,151.03
CO2,Carbon dioxide,CRF1A1,Fuel combustion in energy industries,LV,Latvia,2015,1746.42
CO2,Carbon dioxide,CRF1A1,Fuel combustion in energy industries,LV,Latvia,2016,1821.9
CO2,Carbon dioxide,CRF1A1,Fuel combustion in energy industries,LV,Latvia,2017,1510.68
CO2,Carbon dioxide,CRF1A1,Fuel combustion in energy industries,LV,Latvia,2018,1893.32
CO2,Carbon dioxide,CRF1A1,Fuel combustion in energy industries,LV,Latvia,2019,1783.09
CO2,Carbon dioxide,CRF1A1,Fuel combustion in energy industries,LV,Latvia,2020,1329.66
CO2,Carbon dioxide,CRF1A1,Fuel combustion in energy industries,LV,Latvia,2021,1392.68
CO2,Carbon dioxide,CRF1A1,Fuel combustion in energy industries,LV,Latvia,2022,956.9
CO2,Carbon dioxide,CRF1A1,Fuel combustion in energy industries,LV,Latvia,2023,967.4
CO2,Carbon dioxide,CRF1A1,Fuel combustion in energy industries,LV,Latvia,2024,1052.36
CO2,Carbon dioxide,CRF1A1,Fuel combustion in energy industries,MT,Malta,2015,883.81
CO2,Carbon dioxide,CRF1A1,Fuel combustion in energy industries,MT,Malta,2016,576.57
CO2,Carbon dioxide,CRF1A1,Fuel combustion in energy industries,MT,Malta,2017,723.42
CO2,Carbon dioxide,CRF1A1,Fuel combustion in energy industries,MT,Malta,2018,697.86
CO2,Carbon dioxide,CRF1A1,Fuel combustion in energy industries,MT,Malta,2019,739.08
CO2,Carbon dioxide,CRF1A1,Fuel combustion in energy industries,MT,Malta,2020,809.85
CO2,Carbon dioxide,CRF1A1,Fuel combustion in energy industries,MT,Malta,2021,771.63
CO2,Carbon dioxide,CRF1A1,Fuel combustion in energy industries,MT,Malta,2022,796.42
CO2,Carbon dioxide,CRF1A1,Fuel combustion in energy industries,MT,Malta,2023,798.7
CO2,Carbon dioxide,CRF1A1,Fuel combustion in energy industries,MT,Malta,2024,736.6
CO2,Carbon dioxide,CRF1A1,Fuel combustion in energy industries,NL,Netherlands,2015,69201.23
CO2,Carbon dioxide,CRF1A1,Fuel combustion in energy industries,NL,Netherlands,2016,67305.71
CO2,Carbon dioxide,CRF1A1,Fuel combustion in energy industries,NL,Netherlands,2017,62950.31
CO2,Carbon dioxide,CRF1A1,Fuel combustion in energy industries,NL,Netherlands,2018,59264.8
CO2,Carbon dioxide,CRF1A1,Fuel combustion in energy industries,NL,Netherlands,2019,56734.41
CO2,Carbon dioxide,CRF1A1,Fuel combustion in energy industries,NL,Netherlands,2020,46918.33
CO2,Carbon dioxide,CRF1A1,Fuel combustion in energy industries,NL,Netherlands,2021,46922.85
CO2,Carbon dioxide,CRF1A1,Fuel combustion in energy industries,NL,Netherlands,2022,44952.68
CO2,Carbon dioxide,CRF1A1,Fuel combustion in energy industries,NL,Netherlands,2023,37086.13
CO2,Carbon dioxide,CRF1A1,Fuel combustion in energy industries,NL,Netherlands,2024,36006.12
CO2,Carbon dioxide,CRF1A1,Fuel combustion in energy industries,NO,Norway,2015,15205.16
CO2,Carbon dioxide,CRF1A1,Fuel combustion in energy industries,NO,Norway,2016,14754.49
CO2,Carbon dioxide,CRF1A1,Fuel combustion in energy industries,NO,Norway,2017,15096.77
CO2,Carbon dioxide,CRF1A1,Fuel combustion in energy industries,NO,Norway,2018,14987.87
CO2,Carbon dioxide,CRF1A1,Fuel combustion in energy industries,NO,Norway,2019,14829.67
CO2,Carbon dioxide,CRF1A1,Fuel combustion in energy industries,NO,Norway,2020,14121.33
CO2,Carbon dioxide,CRF1A1,Fuel combustion in energy industries,NO,Norway,2021,13136.71
CO2,Carbon dioxide,CRF1A1,Fuel combustion in energy industries,NO,Norway,2022,12580.27
CO2,Carbon dioxide,CRF1A1,Fuel combustion in energy industries,NO,Norway,2023,12224.52
CO2,Carbon dioxide,CRF1A1,Fuel combustion in energy industries,NO,Norway,2024,11716.78
CO2,Carbon dioxide,CRF1A1,Fuel combustion in energy industries,PL,Poland,2015,162990.5
CO2,Carbon dioxide,CRF1A1,Fuel combustion in energy industries,PL,Poland,2016,162861.59
CO2,Carbon dioxide,CRF1A1,Fuel combustion in energy industries,PL,Poland,2017,164582.43
CO2,Carbon dioxide,CRF1A1,Fuel combustion in energy industries,PL,Poland,2018,162633.21
CO2,Carbon dioxide,CRF1A1,Fuel combustion in energy industries,PL,Poland,2019,149924.34
CO2,Carbon dioxide,CRF1A1,Fuel combustion in energy industries,PL,Poland,2020,139003.85
CO2,Carbon dioxide,CRF1A1,Fuel combustion in energy industries,PL,Poland,2021,159550.27
CO2,Carbon dioxide,CRF1A1,Fuel combustion in energy industries,PL,Poland,2022,152347.08
CO2,Carbon dioxide,CRF1A1,Fuel combustion in energy industries,PL,Poland,2023,127036.57
CO2,Carbon dioxide,CRF1A1,Fuel combustion in energy industries,PL,Poland,2024,123432.94
CO2,Carbon dioxide,CRF1A1,Fuel combustion in energy industries,PT,Portugal,2015,18238.32
CO2,Carbon dioxide,CRF1A1,Fuel combustion in energy industries,PT,Portugal,2016,17290.22
CO2,Carbon dioxide,CRF1A1,Fuel combustion in energy industries,PT,Portugal,2017,21128.57
CO2,Carbon dioxide,CRF1A1,Fuel combustion in energy industries,PT,Portugal,2018,17721.13
CO2,Carbon dioxide,CRF1A1,Fuel combustion in energy industries,PT,Portugal,2019,12918.64
CO2,Carbon dioxide,CRF1A1,Fuel combustion in energy industries,PT,Portugal,2020,10267.31
CO2,Carbon dioxide,CRF1A1,Fuel combustion in energy industries,PT,Portugal,2021,8205.02
CO2,Carbon dioxide,CRF1A1,Fuel combustion in energy industries,PT,Portugal,2022,8252.51
CO2,Carbon dioxide,CRF1A1,Fuel combustion in energy industries,PT,Portugal,2023,5779.02
CO2,Carbon dioxide,CRF1A1,Fuel combustion in energy industries,PT,Portugal,2024,4253.38
CO2,Carbon dioxide,CRF1A1,Fuel combustion in energy industries,RO,Romania,2015,24238.21
CO2,Carbon dioxide,CRF1A1,Fuel combustion in energy industries,RO,Romania,2016,22631.82
CO2,Carbon dioxide,CRF1A1,Fuel combustion in energy industries,RO,Romania,2017,23873.25
CO2,Carbon dioxide,CRF1A1,Fuel combustion in energy industries,RO,Romania,2018,22219.98
CO2,Carbon dioxide,CRF1A1,Fuel combustion in energy industries,RO,Romania,2019,18836.81
CO2,Carbon dioxide,CRF1A1,Fuel combustion in energy industries,RO,Romania,2020,14986.48
CO2,Carbon dioxide,CRF1A1,Fuel combustion in energy industries,RO,Romania,2021,15531.12
CO2,Carbon dioxide,CRF1A1,Fuel combustion in energy industries,RO,Romania,2022,14459.24
CO2,Carbon dioxide,CRF1A1,Fuel combustion in energy industries,RO,Romania,2023,12729.88
CO2,Carbon dioxide,CRF1A1,Fuel combustion in energy industries,RO,Romania,2024,12317.98
CO2,Carbon dioxide,CRF1A1,Fuel combustion in energy industries,SE,Sweden,2015,9168.67
CO2,Carbon dioxide,CRF1A1,Fuel combustion in energy industries,SE,Sweden,2016,9733.54
CO2,Carbon dioxide,CRF1A1,Fuel combustion in energy industries,SE,Sweden,2017,9586.22
CO2,Carbon dioxide,CRF1A1,Fuel combustion in energy industries,SE,Sweden,2018,10070.27
CO2,Carbon dioxide,CRF1A1,Fuel combustion in energy industries,SE,Sweden,2019,8390.75
CO2,Carbon dioxide,CRF1A1,Fuel combustion in energy industries,SE,Sweden,2020,7751.55
CO2,Carbon dioxide,CRF1A1,Fuel combustion in energy industries,SE,Sweden,2021,8799.43
CO2,Carbon dioxide,CRF1A1,Fuel combustion in energy industries,SE,Sweden,2022,2342.2
CO2,Carbon dioxide,CRF1A1,Fuel combustion in energy industries,SE,Sweden,2023,8188.97
CO2,Carbon dioxide,CRF1A1,Fuel combustion in energy industries,SE,Sweden,2024,7990.16
CO2,Carbon dioxide,CRF1A1,Fuel combustion in energy industries,SI,Slovenia,2015,4544.8
CO2,Carbon dioxide,CRF1A1,Fuel combustion in energy industries,SI,Slovenia,2016,4911.89
CO2,Carbon dioxide,CRF1A1,Fuel combustion in energy industries,SI,Slovenia,2017,4899.23
CO2,Carbon dioxide,CRF1A1,Fuel combustion in energy industries,SI,Slovenia,2018,4784.24
CO2,Carbon dioxide,CRF1A1,Fuel combustion in energy industries,SI,Slovenia,2019,4557.99
CO2,Carbon dioxide,CRF1A1,Fuel combustion in energy industries,SI,Slovenia,2020,4494.39
CO2,Carbon dioxide,CRF1A1,Fuel combustion in energy industries,SI,Slovenia,2021,4178.69
CO2,Carbon dioxide,CRF1A1,Fuel combustion in energy industries,SI,Slovenia,2022,3400.57
CO2,Carbon dioxide,CRF1A1,Fuel combustion in energy industries,SI,Slovenia,2023,3291.23
CO2,Carbon dioxide,CRF1A1,Fuel combustion in energy industries,SI,Slovenia,2024,3615.51
CO2,Carbon dioxide,CRF1A1,Fuel combustion in energy industries,SK,Slovakia,2015,8024.55
CO2,Carbon dioxide,CRF1A1,Fuel combustion in energy industries,SK,Slovakia,2016,7972.84
CO2,Carbon dioxide,CRF1A1,Fuel combustion in energy industries,SK,Slovakia,2017,7942.68
CO2,Carbon dioxide,CRF1A1,Fuel combustion in energy industries,SK,Slovakia,2018,7711.84
CO2,Carbon dioxide,CRF1A1,Fuel combustion in energy industries,SK,Slovakia,2019,7332.88
CO2,Carbon dioxide,CRF1A1,Fuel combustion in energy industries,SK,Slovakia,2020,6710.71
CO2,Carbon dioxide,CRF1A1,Fuel combustion in energy industries,SK,Slovakia,2021,7263.51
CO2,Carbon dioxide,CRF1A1,Fuel combustion in energy industries,SK,Slovakia,2022,6366.07
CO2,Carbon dioxide,CRF1A1,Fuel combustion in energy industries,SK,Slovakia,2023,6353.16
CO2,Carbon dioxide,CRF1A1,Fuel combustion in energy industries,SK,Slovakia,2024,5296.53
CO2,Carbon dioxide,CRF1A1,Fuel combustion in energy industries,TR,Türkiye,2015,135050.85
CO2,Carbon dioxide,CRF1A1,Fuel combustion in energy industries,TR,Türkiye,2016,143675.29
CO2,Carbon dioxide,CRF1A1,Fuel combustion in energy industries,TR,Türkiye,2017,154481.89
CO2,Carbon dioxide,CRF1A1,Fuel combustion in energy industries,TR,Türkiye,2018,157539.73
CO2,Carbon dioxide,CRF1A1,Fuel combustion in energy industries,TR,Türkiye,2019,148792.8
CO2,Carbon dioxide,CRF1A1,Fuel combustion in energy industries,TR,Türkiye,2020,141054.2
CO2,Carbon dioxide,CRF1A1,Fuel combustion in energy industries,TR,Türkiye,2021,158036.36
CO2,Carbon dioxide,CRF1A1,Fuel combustion in energy industries,TR,Türkiye,2022,154784.03
CO2,Carbon dioxide,CRF1A1,Fuel combustion in energy industries,TR,Türkiye,2023,153073.92
CO2,Carbon dioxide,CRF1A1,Fuel combustion in energy industries,TR,Türkiye,2024,160111.57
