STRUCTURE,STRUCTURE_ID,STRUCTURE_NAME,freq,Time frequency,nrg_bal,Energy balance,siec,Standard international energy product classification (SIEC),unit,Unit of measure,geo,Geopolitical entity (reporting),TIME_PERIOD,Time,OBS_VALUE,Observation value,OBS_FLAG,Observation status (Flag) V2 structure,CONF_STATUS,Confidentiality status (flag)
dataflow,ESTAT:NRG_CB_EM$DEFAULTVIEW(1.0),"Supply, transformation and consumption of electricity - monthly data",M,Monthly,AIM,Available to internal market,E7000,Electricity,GWH,Gigawatt-hour,AL,Albania,2025-08,,674.792,,,,,
dataflow,ESTAT:NRG_CB_EM$DEFAULTVIEW(1.0),"Supply, transformation and consumption of electricity - monthly data",M,Monthly,AIM,Available to internal market,E7000,Electricity,GWH,Gigawatt-hour,AL,Albania,2025-09,,578.013,,,,,
dataflow,ESTAT:NRG_CB_EM$DEFAULTVIEW(1.0),"Supply, transformation and consumption of electricity - monthly data",M,Monthly,AIM,Available to internal market,E7000,Electricity,GWH,Gigawatt-hour,AL,Albania,2025-10,,596.108,,,,,
dataflow,ESTAT:NRG_CB_EM$DEFAULTVIEW(1.0),"Supply, transformation and consumption of electricity - monthly data",M,Monthly,AIM,Available to internal market,E7000,Electricity,GWH,Gigawatt-hour,AL,Albania,2025-11,,653.378,,,,,
dataflow,ESTAT:NRG_CB_EM$DEFAULTVIEW(1.0),"Supply, transformation and consumption of electricity - monthly data",M,Monthly,AIM,Available to internal market,E7000,Electricity,GWH,Gigawatt-hour,AL,Albania,2025-12,,790.119,,,,,
dataflow,ESTAT:NRG_CB_EM$DEFAULTVIEW(1.0),"Supply, transformation and consumption of electricity - monthly data",M,Monthly,AIM,Available to internal market,E7000,Electricity,GWH,Gigawatt-hour,AL,Albania,2026-01,,746.220,,,,,
dataflow,ESTAT:NRG_CB_EM$DEFAULTVIEW(1.0),"Supply, transformation and consumption of electricity - monthly data",M,Monthly,AIM,Available to internal market,E7000,Electricity,GWH,Gigawatt-hour,AL,Albania,2026-02,,771.751,,,,,
dataflow,ESTAT:NRG_CB_EM$DEFAULTVIEW(1.0),"Supply, transformation and consumption of electricity - monthly data",M,Monthly,AIM,Available to internal market,E7000,Electricity,GWH,Gigawatt-hour,AL,Albania,2026-03,,656.493,,,,,
dataflow,ESTAT:NRG_CB_EM$DEFAULTVIEW(1.0),"Supply, transformation and consumption of electricity - monthly data",M,Monthly,AIM,Available to internal market,E7000,Electricity,GWH,Gigawatt-hour,AT,Austria,2025-08,,5030.664,,,,,
dataflow,ESTAT:NRG_CB_EM$DEFAULTVIEW(1.0),"Supply, transformation and consumption of electricity - monthly data",M,Monthly,AIM,Available to internal market,E7000,Electricity,GWH,Gigawatt-hour,AT,Austria,2025-09,,5159.257,,,,,
dataflow,ESTAT:NRG_CB_EM$DEFAULTVIEW(1.0),"Supply, transformation and consumption of electricity - monthly data",M,Monthly,AIM,Available to internal market,E7000,Electricity,GWH,Gigawatt-hour,AT,Austria,2025-10,,5686.137,,,,,
dataflow,ESTAT:NRG_CB_EM$DEFAULTVIEW(1.0),"Supply, transformation and consumption of electricity - monthly data",M,Monthly,AIM,Available to internal market,E7000,Electricity,GWH,Gigawatt-hour,AT,Austria,2025-11,,6035.894,,,,,
dataflow,ESTAT:NRG_CB_EM$DEFAULTVIEW(1.0),"Supply, transformation and consumption of electricity - monthly data",M,Monthly,AIM,Available to internal market,E7000,Electricity,GWH,Gigawatt-hour,AT,Austria,2025-12,,6266.577,,,,,
dataflow,ESTAT:NRG_CB_EM$DEFAULTVIEW(1.0),"Supply, transformation and consumption of electricity - monthly data",M,Monthly,AIM,Available to internal market,E7000,Electricity,GWH,Gigawatt-hour,AT,Austria,2026-01,,6852.225,,,,,
dataflow,ESTAT:NRG_CB_EM$DEFAULTVIEW(1.0),"Supply, transformation and consumption of electricity - monthly data",M,Monthly,AIM,Available to internal market,E7000,Electricity,GWH,Gigawatt-hour,AT,Austria,2026-02,,5862.633,,,,,
dataflow,ESTAT:NRG_CB_EM$DEFAULTVIEW(1.0),"Supply, transformation and consumption of electricity - monthly data",M,Monthly,AIM,Available to internal market,E7000,Electricity,GWH,Gigawatt-hour,AT,Austria,2026-03,,5897.584,,,,,
dataflow,ESTAT:NRG_CB_EM$DEFAULTVIEW(1.0),"Supply, transformation and consumption of electricity - monthly data",M,Monthly,AIM,Available to internal market,E7000,Electricity,GWH,Gigawatt-hour,AT,Austria,2026-04,,5320.476,,,,,
dataflow,ESTAT:NRG_CB_EM$DEFAULTVIEW(1.0),"Supply, transformation and consumption of electricity - monthly data",M,Monthly,AIM,Available to internal market,E7000,Electricity,GWH,Gigawatt-hour,BA,Bosnia and Herzegovina,2025-08,,783.972,,,,,
dataflow,ESTAT:NRG_CB_EM$DEFAULTVIEW(1.0),"Supply, transformation and consumption of electricity - monthly data",M,Monthly,AIM,Available to internal market,E7000,Electricity,GWH,Gigawatt-hour,BA,Bosnia and Herzegovina,2025-09,,753.334,,,,,
dataflow,ESTAT:NRG_CB_EM$DEFAULTVIEW(1.0),"Supply, transformation and consumption of electricity - monthly data",M,Monthly,AIM,Available to internal market,E7000,Electricity,GWH,Gigawatt-hour,BA,Bosnia and Herzegovina,2025-10,,946.153,,,,,
dataflow,ESTAT:NRG_CB_EM$DEFAULTVIEW(1.0),"Supply, transformation and consumption of electricity - monthly data",M,Monthly,AIM,Available to internal market,E7000,Electricity,GWH,Gigawatt-hour,BA,Bosnia and Herzegovina,2025-11,,994.925,,,,,
dataflow,ESTAT:NRG_CB_EM$DEFAULTVIEW(1.0),"Supply, transformation and consumption of electricity - monthly data",M,Monthly,AIM,Available to internal market,E7000,Electricity,GWH,Gigawatt-hour,BA,Bosnia and Herzegovina,2025-12,,1181.215,,,,,
dataflow,ESTAT:NRG_CB_EM$DEFAULTVIEW(1.0),"Supply, transformation and consumption of electricity - monthly data",M,Monthly,AIM,Available to internal market,E7000,Electricity,GWH,Gigawatt-hour,BA,Bosnia and Herzegovina,2026-01,,1177.939,,,,,
dataflow,ESTAT:NRG_CB_EM$DEFAULTVIEW(1.0),"Supply, transformation and consumption of electricity - monthly data",M,Monthly,AIM,Available to internal market,E7000,Electricity,GWH,Gigawatt-hour,BA,Bosnia and Herzegovina,2026-02,,942.813,,,,,
dataflow,ESTAT:NRG_CB_EM$DEFAULTVIEW(1.0),"Supply, transformation and consumption of electricity - monthly data",M,Monthly,AIM,Available to internal market,E7000,Electricity,GWH,Gigawatt-hour,BA,Bosnia and Herzegovina,2026-03,,976.698,,,,,
dataflow,ESTAT:NRG_CB_EM$DEFAULTVIEW(1.0),"Supply, transformation and consumption of electricity - monthly data",M,Monthly,AIM,Available to internal market,E7000,Electricity,GWH,Gigawatt-hour,BA,Bosnia and Herzegovina,2026-04,,788.929,,,,,
dataflow,ESTAT:NRG_CB_EM$DEFAULTVIEW(1.0),"Supply, transformation and consumption of electricity - monthly data",M,Monthly,AIM,Available to internal market,E7000,Electricity,GWH,Gigawatt-hour,BE,Belgium,2025-08,,5998.651,,,,,
dataflow,ESTAT:NRG_CB_EM$DEFAULTVIEW(1.0),"Supply, transformation and consumption of electricity - monthly data",M,Monthly,AIM,Available to internal market,E7000,Electricity,GWH,Gigawatt-hour,BE,Belgium,2025-09,,5958.176,,,,,
dataflow,ESTAT:NRG_CB_EM$DEFAULTVIEW(1.0),"Supply, transformation and consumption of electricity - monthly data",M,Monthly,AIM,Available to internal market,E7000,Electricity,GWH,Gigawatt-hour,BE,Belgium,2025-10,,6039.491,,,,,
dataflow,ESTAT:NRG_CB_EM$DEFAULTVIEW(1.0),"Supply, transformation and consumption of electricity - monthly data",M,Monthly,AIM,Available to internal market,E7000,Electricity,GWH,Gigawatt-hour,BE,Belgium,2025-11,,6381.414,,,,,
dataflow,ESTAT:NRG_CB_EM$DEFAULTVIEW(1.0),"Supply, transformation and consumption of electricity - monthly data",M,Monthly,AIM,Available to internal market,E7000,Electricity,GWH,Gigawatt-hour,BE,Belgium,2025-12,,6557.045,,,,,
dataflow,ESTAT:NRG_CB_EM$DEFAULTVIEW(1.0),"Supply, transformation and consumption of electricity - monthly data",M,Monthly,AIM,Available to internal market,E7000,Electricity,GWH,Gigawatt-hour,BE,Belgium,2026-01,,7288.207,,,,,
dataflow,ESTAT:NRG_CB_EM$DEFAULTVIEW(1.0),"Supply, transformation and consumption of electricity - monthly data",M,Monthly,AIM,Available to internal market,E7000,Electricity,GWH,Gigawatt-hour,BE,Belgium,2026-02,,6466.217,,,,,
dataflow,ESTAT:NRG_CB_EM$DEFAULTVIEW(1.0),"Supply, transformation and consumption of electricity - monthly data",M,Monthly,AIM,Available to internal market,E7000,Electricity,GWH,Gigawatt-hour,BE,Belgium,2026-03,,6575.678,,,,,
dataflow,ESTAT:NRG_CB_EM$DEFAULTVIEW(1.0),"Supply, transformation and consumption of electricity - monthly data",M,Monthly,AIM,Available to internal market,E7000,Electricity,GWH,Gigawatt-hour,BG,Bulgaria,2025-08,,2404.680,,,,,
dataflow,ESTAT:NRG_CB_EM$DEFAULTVIEW(1.0),"Supply, transformation and consumption of electricity - monthly data",M,Monthly,AIM,Available to internal market,E7000,Electricity,GWH,Gigawatt-hour,BG,Bulgaria,2025-09,,2238.156,,,,,
dataflow,ESTAT:NRG_CB_EM$DEFAULTVIEW(1.0),"Supply, transformation and consumption of electricity - monthly data",M,Monthly,AIM,Available to internal market,E7000,Electricity,GWH,Gigawatt-hour,BG,Bulgaria,2025-10,,2746.753,,,,,
dataflow,ESTAT:NRG_CB_EM$DEFAULTVIEW(1.0),"Supply, transformation and consumption of electricity - monthly data",M,Monthly,AIM,Available to internal market,E7000,Electricity,GWH,Gigawatt-hour,BG,Bulgaria,2025-11,,2772.879,,,,,
dataflow,ESTAT:NRG_CB_EM$DEFAULTVIEW(1.0),"Supply, transformation and consumption of electricity - monthly data",M,Monthly,AIM,Available to internal market,E7000,Electricity,GWH,Gigawatt-hour,BG,Bulgaria,2025-12,,3292.549,,,,,
dataflow,ESTAT:NRG_CB_EM$DEFAULTVIEW(1.0),"Supply, transformation and consumption of electricity - monthly data",M,Monthly,AIM,Available to internal market,E7000,Electricity,GWH,Gigawatt-hour,BG,Bulgaria,2026-01,,3701.867,,,,,
dataflow,ESTAT:NRG_CB_EM$DEFAULTVIEW(1.0),"Supply, transformation and consumption of electricity - monthly data",M,Monthly,AIM,Available to internal market,E7000,Electricity,GWH,Gigawatt-hour,BG,Bulgaria,2026-02,,3218.473,,,,,
dataflow,ESTAT:NRG_CB_EM$DEFAULTVIEW(1.0),"Supply, transformation and consumption of electricity - monthly data",M,Monthly,AIM,Available to internal market,E7000,Electricity,GWH,Gigawatt-hour,BG,Bulgaria,2026-03,,3065.653,,,,,
dataflow,ESTAT:NRG_CB_EM$DEFAULTVIEW(1.0),"Supply, transformation and consumption of electricity - monthly data",M,Monthly,AIM,Available to internal market,E7000,Electricity,GWH,Gigawatt-hour,BG,Bulgaria,2026-04,,2594.555,,,,,
dataflow,ESTAT:NRG_CB_EM$DEFAULTVIEW(1.0),"Supply, transformation and consumption of electricity - monthly data",M,Monthly,AIM,Available to internal market,E7000,Electricity,GWH,Gigawatt-hour,CY,Cyprus,2025-08,,640.490,,,,,
dataflow,ESTAT:NRG_CB_EM$DEFAULTVIEW(1.0),"Supply, transformation and consumption of electricity - monthly data",M,Monthly,AIM,Available to internal market,E7000,Electricity,GWH,Gigawatt-hour,CY,Cyprus,2025-09,,544.849,,,,,
dataflow,ESTAT:NRG_CB_EM$DEFAULTVIEW(1.0),"Supply, transformation and consumption of electricity - monthly data",M,Monthly,AIM,Available to internal market,E7000,Electricity,GWH,Gigawatt-hour,CY,Cyprus,2025-10,,421.691,,,,,
dataflow,ESTAT:NRG_CB_EM$DEFAULTVIEW(1.0),"Supply, transformation and consumption of electricity - monthly data",M,Monthly,AIM,Available to internal market,E7000,Electricity,GWH,Gigawatt-hour,CY,Cyprus,2025-11,,383.572,,,,,
dataflow,ESTAT:NRG_CB_EM$DEFAULTVIEW(1.0),"Supply, transformation and consumption of electricity - monthly data",M,Monthly,AIM,Available to internal market,E7000,Electricity,GWH,Gigawatt-hour,CY,Cyprus,2025-12,,437.163,,,,,
dataflow,ESTAT:NRG_CB_EM$DEFAULTVIEW(1.0),"Supply, transformation and consumption of electricity - monthly data",M,Monthly,AIM,Available to internal market,E7000,Electricity,GWH,Gigawatt-hour,CY,Cyprus,2026-01,,519.770,,,,,
dataflow,ESTAT:NRG_CB_EM$DEFAULTVIEW(1.0),"Supply, transformation and consumption of electricity - monthly data",M,Monthly,AIM,Available to internal market,E7000,Electricity,GWH,Gigawatt-hour,CY,Cyprus,2026-02,,399.929,,,,,
dataflow,ESTAT:NRG_CB_EM$DEFAULTVIEW(1.0),"Supply, transformation and consumption of electricity - monthly data",M,Monthly,AIM,Available to internal market,E7000,Electricity,GWH,Gigawatt-hour,CY,Cyprus,2026-03,,444.057,,,,,
dataflow,ESTAT:NRG_CB_EM$DEFAULTVIEW(1.0),"Supply, transformation and consumption of electricity - monthly data",M,Monthly,AIM,Available to internal market,E7000,Electricity,GWH,Gigawatt-hour,CY,Cyprus,2026-04,,395.943,,,,,
dataflow,ESTAT:NRG_CB_EM$DEFAULTVIEW(1.0),"Supply, transformation and consumption of electricity - monthly data",M,Monthly,AIM,Available to internal market,E7000,Electricity,GWH,Gigawatt-hour,CY,Cyprus,2026-05,,417.196,,,,,
dataflow,ESTAT:NRG_CB_EM$DEFAULTVIEW(1.0),"Supply, transformation and consumption of electricity - monthly data",M,Monthly,AIM,Available to internal market,E7000,Electricity,GWH,Gigawatt-hour,CZ,Czechia,2025-08,,4321.677,,,,,
dataflow,ESTAT:NRG_CB_EM$DEFAULTVIEW(1.0),"Supply, transformation and consumption of electricity - monthly data",M,Monthly,AIM,Available to internal market,E7000,Electricity,GWH,Gigawatt-hour,CZ,Czechia,2025-09,,4450.424,,,,,
dataflow,ESTAT:NRG_CB_EM$DEFAULTVIEW(1.0),"Supply, transformation and consumption of electricity - monthly data",M,Monthly,AIM,Available to internal market,E7000,Electricity,GWH,Gigawatt-hour,CZ,Czechia,2025-10,,5047.110,,,,,
dataflow,ESTAT:NRG_CB_EM$DEFAULTVIEW(1.0),"Supply, transformation and consumption of electricity - monthly data",M,Monthly,AIM,Available to internal market,E7000,Electricity,GWH,Gigawatt-hour,CZ,Czechia,2025-11,,5394.914,,,,,
dataflow,ESTAT:NRG_CB_EM$DEFAULTVIEW(1.0),"Supply, transformation and consumption of electricity - monthly data",M,Monthly,AIM,Available to internal market,E7000,Electricity,GWH,Gigawatt-hour,CZ,Czechia,2025-12,,5454.439,,,,,
dataflow,ESTAT:NRG_CB_EM$DEFAULTVIEW(1.0),"Supply, transformation and consumption of electricity - monthly data",M,Monthly,AIM,Available to internal market,E7000,Electricity,GWH,Gigawatt-hour,CZ,Czechia,2026-01,,6236.694,,,,,
dataflow,ESTAT:NRG_CB_EM$DEFAULTVIEW(1.0),"Supply, transformation and consumption of electricity - monthly data",M,Monthly,AIM,Available to internal market,E7000,Electricity,GWH,Gigawatt-hour,CZ,Czechia,2026-02,,5372.365,,,,,
dataflow,ESTAT:NRG_CB_EM$DEFAULTVIEW(1.0),"Supply, transformation and consumption of electricity - monthly data",M,Monthly,AIM,Available to internal market,E7000,Electricity,GWH,Gigawatt-hour,CZ,Czechia,2026-03,,5351.970,,,,,
dataflow,ESTAT:NRG_CB_EM$DEFAULTVIEW(1.0),"Supply, transformation and consumption of electricity - monthly data",M,Monthly,AIM,Available to internal market,E7000,Electricity,GWH,Gigawatt-hour,CZ,Czechia,2026-04,,4835.725,,,,,
dataflow,ESTAT:NRG_CB_EM$DEFAULTVIEW(1.0),"Supply, transformation and consumption of electricity - monthly data",M,Monthly,AIM,Available to internal market,E7000,Electricity,GWH,Gigawatt-hour,CZ,Czechia,2026-05,,4667.723,,,,,
dataflow,ESTAT:NRG_CB_EM$DEFAULTVIEW(1.0),"Supply, transformation and consumption of electricity - monthly data",M,Monthly,AIM,Available to internal market,E7000,Electricity,GWH,Gigawatt-hour,DE,Germany,2025-08,,34704.526,,,,,
dataflow,ESTAT:NRG_CB_EM$DEFAULTVIEW(1.0),"Supply, transformation and consumption of electricity - monthly data",M,Monthly,AIM,Available to internal market,E7000,Electricity,GWH,Gigawatt-hour,DE,Germany,2025-09,,34561.264,,,,,
dataflow,ESTAT:NRG_CB_EM$DEFAULTVIEW(1.0),"Supply, transformation and consumption of electricity - monthly data",M,Monthly,AIM,Available to internal market,E7000,Electricity,GWH,Gigawatt-hour,DE,Germany,2025-10,,37129.985,,,,,
dataflow,ESTAT:NRG_CB_EM$DEFAULTVIEW(1.0),"Supply, transformation and consumption of electricity - monthly data",M,Monthly,AIM,Available to internal market,E7000,Electricity,GWH,Gigawatt-hour,DE,Germany,2025-11,,36930.833,,,,,
dataflow,ESTAT:NRG_CB_EM$DEFAULTVIEW(1.0),"Supply, transformation and consumption of electricity - monthly data",M,Monthly,AIM,Available to internal market,E7000,Electricity,GWH,Gigawatt-hour,DE,Germany,2025-12,,36290.250,,,,,
dataflow,ESTAT:NRG_CB_EM$DEFAULTVIEW(1.0),"Supply, transformation and consumption of electricity - monthly data",M,Monthly,AIM,Available to internal market,E7000,Electricity,GWH,Gigawatt-hour,DE,Germany,2026-01,,40147.488,,,,,
dataflow,ESTAT:NRG_CB_EM$DEFAULTVIEW(1.0),"Supply, transformation and consumption of electricity - monthly data",M,Monthly,AIM,Available to internal market,E7000,Electricity,GWH,Gigawatt-hour,DE,Germany,2026-02,,36152.202,,,,,
dataflow,ESTAT:NRG_CB_EM$DEFAULTVIEW(1.0),"Supply, transformation and consumption of electricity - monthly data",M,Monthly,AIM,Available to internal market,E7000,Electricity,GWH,Gigawatt-hour,DE,Germany,2026-03,,37773.423,,,,,
dataflow,ESTAT:NRG_CB_EM$DEFAULTVIEW(1.0),"Supply, transformation and consumption of electricity - monthly data",M,Monthly,AIM,Available to internal market,E7000,Electricity,GWH,Gigawatt-hour,DK,Denmark,2025-08,,2805.286,,,,,
dataflow,ESTAT:NRG_CB_EM$DEFAULTVIEW(1.0),"Supply, transformation and consumption of electricity - monthly data",M,Monthly,AIM,Available to internal market,E7000,Electricity,GWH,Gigawatt-hour,DK,Denmark,2025-09,,2859.179,,,,,
dataflow,ESTAT:NRG_CB_EM$DEFAULTVIEW(1.0),"Supply, transformation and consumption of electricity - monthly data",M,Monthly,AIM,Available to internal market,E7000,Electricity,GWH,Gigawatt-hour,DK,Denmark,2025-10,,3174.452,,,,,
dataflow,ESTAT:NRG_CB_EM$DEFAULTVIEW(1.0),"Supply, transformation and consumption of electricity - monthly data",M,Monthly,AIM,Available to internal market,E7000,Electricity,GWH,Gigawatt-hour,DK,Denmark,2025-11,,3350.501,,,,,
dataflow,ESTAT:NRG_CB_EM$DEFAULTVIEW(1.0),"Supply, transformation and consumption of electricity - monthly data",M,Monthly,AIM,Available to internal market,E7000,Electricity,GWH,Gigawatt-hour,DK,Denmark,2025-12,,3458.823,,,,,
dataflow,ESTAT:NRG_CB_EM$DEFAULTVIEW(1.0),"Supply, transformation and consumption of electricity - monthly data",M,Monthly,AIM,Available to internal market,E7000,Electricity,GWH,Gigawatt-hour,DK,Denmark,2026-01,,4007.067,,,,,
dataflow,ESTAT:NRG_CB_EM$DEFAULTVIEW(1.0),"Supply, transformation and consumption of electricity - monthly data",M,Monthly,AIM,Available to internal market,E7000,Electricity,GWH,Gigawatt-hour,DK,Denmark,2026-02,,3679.096,,,,,
dataflow,ESTAT:NRG_CB_EM$DEFAULTVIEW(1.0),"Supply, transformation and consumption of electricity - monthly data",M,Monthly,AIM,Available to internal market,E7000,Electricity,GWH,Gigawatt-hour,DK,Denmark,2026-03,,3537.753,,,,,
dataflow,ESTAT:NRG_CB_EM$DEFAULTVIEW(1.0),"Supply, transformation and consumption of electricity - monthly data",M,Monthly,AIM,Available to internal market,E7000,Electricity,GWH,Gigawatt-hour,DK,Denmark,2026-04,,3167.833,,,,,
dataflow,ESTAT:NRG_CB_EM$DEFAULTVIEW(1.0),"Supply, transformation and consumption of electricity - monthly data",M,Monthly,AIM,Available to internal market,E7000,Electricity,GWH,Gigawatt-hour,DK,Denmark,2026-05,,2952.798,,,,,
dataflow,ESTAT:NRG_CB_EM$DEFAULTVIEW(1.0),"Supply, transformation and consumption of electricity - monthly data",M,Monthly,AIM,Available to internal market,E7000,Electricity,GWH,Gigawatt-hour,EE,Estonia,2025-08,,614.299,,,,,
dataflow,ESTAT:NRG_CB_EM$DEFAULTVIEW(1.0),"Supply, transformation and consumption of electricity - monthly data",M,Monthly,AIM,Available to internal market,E7000,Electricity,GWH,Gigawatt-hour,EE,Estonia,2025-09,,637.467,,,,,
dataflow,ESTAT:NRG_CB_EM$DEFAULTVIEW(1.0),"Supply, transformation and consumption of electricity - monthly data",M,Monthly,AIM,Available to internal market,E7000,Electricity,GWH,Gigawatt-hour,EE,Estonia,2025-10,,723.038,,,,,
dataflow,ESTAT:NRG_CB_EM$DEFAULTVIEW(1.0),"Supply, transformation and consumption of electricity - monthly data",M,Monthly,AIM,Available to internal market,E7000,Electricity,GWH,Gigawatt-hour,EE,Estonia,2025-11,,752.625,,,,,
dataflow,ESTAT:NRG_CB_EM$DEFAULTVIEW(1.0),"Supply, transformation and consumption of electricity - monthly data",M,Monthly,AIM,Available to internal market,E7000,Electricity,GWH,Gigawatt-hour,EE,Estonia,2025-12,,800.668,,,,,
dataflow,ESTAT:NRG_CB_EM$DEFAULTVIEW(1.0),"Supply, transformation and consumption of electricity - monthly data",M,Monthly,AIM,Available to internal market,E7000,Electricity,GWH,Gigawatt-hour,EE,Estonia,2026-01,,958.574,,,,,
dataflow,ESTAT:NRG_CB_EM$DEFAULTVIEW(1.0),"Supply, transformation and consumption of electricity - monthly data",M,Monthly,AIM,Available to internal market,E7000,Electricity,GWH,Gigawatt-hour,EE,Estonia,2026-02,,868.711,,,,,
dataflow,ESTAT:NRG_CB_EM$DEFAULTVIEW(1.0),"Supply, transformation and consumption of electricity - monthly data",M,Monthly,AIM,Available to internal market,E7000,Electricity,GWH,Gigawatt-hour,EE,Estonia,2026-03,,747.557,,,,,
dataflow,ESTAT:NRG_CB_EM$DEFAULTVIEW(1.0),"Supply, transformation and consumption of electricity - monthly data",M,Monthly,AIM,Available to internal market,E7000,Electricity,GWH,Gigawatt-hour,EE,Estonia,2026-04,,681.470,,,,,
dataflow,ESTAT:NRG_CB_EM$DEFAULTVIEW(1.0),"Supply, transformation and consumption of electricity - monthly data",M,Monthly,AIM,Available to internal market,E7000,Electricity,GWH,Gigawatt-hour,EL,Greece,2025-08,,4059.825,,,,,
dataflow,ESTAT:NRG_CB_EM$DEFAULTVIEW(1.0),"Supply, transformation and consumption of electricity - monthly data",M,Monthly,AIM,Available to internal market,E7000,Electricity,GWH,Gigawatt-hour,EL,Greece,2025-09,,3667.760,,,,,
dataflow,ESTAT:NRG_CB_EM$DEFAULTVIEW(1.0),"Supply, transformation and consumption of electricity - monthly data",M,Monthly,AIM,Available to internal market,E7000,Electricity,GWH,Gigawatt-hour,EL,Greece,2025-10,,3430.179,,,,,
dataflow,ESTAT:NRG_CB_EM$DEFAULTVIEW(1.0),"Supply, transformation and consumption of electricity - monthly data",M,Monthly,AIM,Available to internal market,E7000,Electricity,GWH,Gigawatt-hour,EL,Greece,2025-11,,3342.366,,,,,
dataflow,ESTAT:NRG_CB_EM$DEFAULTVIEW(1.0),"Supply, transformation and consumption of electricity - monthly data",M,Monthly,AIM,Available to internal market,E7000,Electricity,GWH,Gigawatt-hour,EL,Greece,2025-12,,4093.459,,,,,
dataflow,ESTAT:NRG_CB_EM$DEFAULTVIEW(1.0),"Supply, transformation and consumption of electricity - monthly data",M,Monthly,AIM,Available to internal market,E7000,Electricity,GWH,Gigawatt-hour,EL,Greece,2026-01,,4397.950,,,,,
dataflow,ESTAT:NRG_CB_EM$DEFAULTVIEW(1.0),"Supply, transformation and consumption of electricity - monthly data",M,Monthly,AIM,Available to internal market,E7000,Electricity,GWH,Gigawatt-hour,EL,Greece,2026-02,,3453.593,,,,,
dataflow,ESTAT:NRG_CB_EM$DEFAULTVIEW(1.0),"Supply, transformation and consumption of electricity - monthly data",M,Monthly,AIM,Available to internal market,E7000,Electricity,GWH,Gigawatt-hour,EL,Greece,2026-03,,3643.327,,,,,
dataflow,ESTAT:NRG_CB_EM$DEFAULTVIEW(1.0),"Supply, transformation and consumption of electricity - monthly data",M,Monthly,AIM,Available to internal market,E7000,Electricity,GWH,Gigawatt-hour,EL,Greece,2026-04,,3111.025,,,,,
dataflow,ESTAT:NRG_CB_EM$DEFAULTVIEW(1.0),"Supply, transformation and consumption of electricity - monthly data",M,Monthly,AIM,Available to internal market,E7000,Electricity,GWH,Gigawatt-hour,ES,Spain,2025-08,,20119.704,,,,,
dataflow,ESTAT:NRG_CB_EM$DEFAULTVIEW(1.0),"Supply, transformation and consumption of electricity - monthly data",M,Monthly,AIM,Available to internal market,E7000,Electricity,GWH,Gigawatt-hour,ES,Spain,2025-09,,18859.635,,,,,
dataflow,ESTAT:NRG_CB_EM$DEFAULTVIEW(1.0),"Supply, transformation and consumption of electricity - monthly data",M,Monthly,AIM,Available to internal market,E7000,Electricity,GWH,Gigawatt-hour,ES,Spain,2025-10,,18516.026,,,,,
dataflow,ESTAT:NRG_CB_EM$DEFAULTVIEW(1.0),"Supply, transformation and consumption of electricity - monthly data",M,Monthly,AIM,Available to internal market,E7000,Electricity,GWH,Gigawatt-hour,ES,Spain,2025-11,,19094.687,,,,,
dataflow,ESTAT:NRG_CB_EM$DEFAULTVIEW(1.0),"Supply, transformation and consumption of electricity - monthly data",M,Monthly,AIM,Available to internal market,E7000,Electricity,GWH,Gigawatt-hour,ES,Spain,2025-12,,20541.377,,,,,
dataflow,ESTAT:NRG_CB_EM$DEFAULTVIEW(1.0),"Supply, transformation and consumption of electricity - monthly data",M,Monthly,AIM,Available to internal market,E7000,Electricity,GWH,Gigawatt-hour,ES,Spain,2026-01,,21807.440,,,,,
dataflow,ESTAT:NRG_CB_EM$DEFAULTVIEW(1.0),"Supply, transformation and consumption of electricity - monthly data",M,Monthly,AIM,Available to internal market,E7000,Electricity,GWH,Gigawatt-hour,ES,Spain,2026-02,,18623.791,,,,,
dataflow,ESTAT:NRG_CB_EM$DEFAULTVIEW(1.0),"Supply, transformation and consumption of electricity - monthly data",M,Monthly,AIM,Available to internal market,E7000,Electricity,GWH,Gigawatt-hour,ES,Spain,2026-03,,19404.258,,,,,
dataflow,ESTAT:NRG_CB_EM$DEFAULTVIEW(1.0),"Supply, transformation and consumption of electricity - monthly data",M,Monthly,AIM,Available to internal market,E7000,Electricity,GWH,Gigawatt-hour,ES,Spain,2026-04,,17162.255,,p,provisional,,
dataflow,ESTAT:NRG_CB_EM$DEFAULTVIEW(1.0),"Supply, transformation and consumption of electricity - monthly data",M,Monthly,AIM,Available to internal market,E7000,Electricity,GWH,Gigawatt-hour,ES,Spain,2026-05,,18063.784,,p,provisional,,
dataflow,ESTAT:NRG_CB_EM$DEFAULTVIEW(1.0),"Supply, transformation and consumption of electricity - monthly data",M,Monthly,AIM,Available to internal market,E7000,Electricity,GWH,Gigawatt-hour,EU27_2020,European Union - 27 countries (from 2020),2025-08,,190515.647,,,,,
dataflow,ESTAT:NRG_CB_EM$DEFAULTVIEW(1.0),"Supply, transformation and consumption of electricity - monthly data",M,Monthly,AIM,Available to internal market,E7000,Electricity,GWH,Gigawatt-hour,EU27_2020,European Union - 27 countries (from 2020),2025-09,,190168.545,,,,,
dataflow,ESTAT:NRG_CB_EM$DEFAULTVIEW(1.0),"Supply, transformation and consumption of electricity - monthly data",M,Monthly,AIM,Available to internal market,E7000,Electricity,GWH,Gigawatt-hour,EU27_2020,European Union - 27 countries (from 2020),2025-10,,202203.174,,,,,
dataflow,ESTAT:NRG_CB_EM$DEFAULTVIEW(1.0),"Supply, transformation and consumption of electricity - monthly data",M,Monthly,AIM,Available to internal market,E7000,Electricity,GWH,Gigawatt-hour,EU27_2020,European Union - 27 countries (from 2020),2025-11,,211500.430,,,,,
dataflow,ESTAT:NRG_CB_EM$DEFAULTVIEW(1.0),"Supply, transformation and consumption of electricity - monthly data",M,Monthly,AIM,Available to internal market,E7000,Electricity,GWH,Gigawatt-hour,EU27_2020,European Union - 27 countries (from 2020),2025-12,,222207.919,,,,,
dataflow,ESTAT:NRG_CB_EM$DEFAULTVIEW(1.0),"Supply, transformation and consumption of electricity - monthly data",M,Monthly,AIM,Available to internal market,E7000,Electricity,GWH,Gigawatt-hour,EU27_2020,European Union - 27 countries (from 2020),2026-01,,244701.826,,,,,
dataflow,ESTAT:NRG_CB_EM$DEFAULTVIEW(1.0),"Supply, transformation and consumption of electricity - monthly data",M,Monthly,AIM,Available to internal market,E7000,Electricity,GWH,Gigawatt-hour,EU27_2020,European Union - 27 countries (from 2020),2026-02,,214656.642,,,,,
dataflow,ESTAT:NRG_CB_EM$DEFAULTVIEW(1.0),"Supply, transformation and consumption of electricity - monthly data",M,Monthly,AIM,Available to internal market,E7000,Electricity,GWH,Gigawatt-hour,FI,Finland,2025-08,,5922.204,,,,,
dataflow,ESTAT:NRG_CB_EM$DEFAULTVIEW(1.0),"Supply, transformation and consumption of electricity - monthly data",M,Monthly,AIM,Available to internal market,E7000,Electricity,GWH,Gigawatt-hour,FI,Finland,2025-09,,5766.218,,,,,
dataflow,ESTAT:NRG_CB_EM$DEFAULTVIEW(1.0),"Supply, transformation and consumption of electricity - monthly data",M,Monthly,AIM,Available to internal market,E7000,Electricity,GWH,Gigawatt-hour,FI,Finland,2025-10,,6782.518,,,,,
dataflow,ESTAT:NRG_CB_EM$DEFAULTVIEW(1.0),"Supply, transformation and consumption of electricity - monthly data",M,Monthly,AIM,Available to internal market,E7000,Electricity,GWH,Gigawatt-hour,FI,Finland,2025-11,,7367.112,,,,,
dataflow,ESTAT:NRG_CB_EM$DEFAULTVIEW(1.0),"Supply, transformation and consumption of electricity - monthly data",M,Monthly,AIM,Available to internal market,E7000,Electricity,GWH,Gigawatt-hour,FI,Finland,2025-12,,7951.226,,,,,
dataflow,ESTAT:NRG_CB_EM$DEFAULTVIEW(1.0),"Supply, transformation and consumption of electricity - monthly data",M,Monthly,AIM,Available to internal market,E7000,Electricity,GWH,Gigawatt-hour,FI,Finland,2026-01,,9274.561,,,,,
dataflow,ESTAT:NRG_CB_EM$DEFAULTVIEW(1.0),"Supply, transformation and consumption of electricity - monthly data",M,Monthly,AIM,Available to internal market,E7000,Electricity,GWH,Gigawatt-hour,FI,Finland,2026-02,,8498.256,,,,,
dataflow,ESTAT:NRG_CB_EM$DEFAULTVIEW(1.0),"Supply, transformation and consumption of electricity - monthly data",M,Monthly,AIM,Available to internal market,E7000,Electricity,GWH,Gigawatt-hour,FI,Finland,2026-03,,7963.081,,,,,
dataflow,ESTAT:NRG_CB_EM$DEFAULTVIEW(1.0),"Supply, transformation and consumption of electricity - monthly data",M,Monthly,AIM,Available to internal market,E7000,Electricity,GWH,Gigawatt-hour,FI,Finland,2026-04,,6796.852,,,,,
dataflow,ESTAT:NRG_CB_EM$DEFAULTVIEW(1.0),"Supply, transformation and consumption of electricity - monthly data",M,Monthly,AIM,Available to internal market,E7000,Electricity,GWH,Gigawatt-hour,FI,Finland,2026-05,,6177.385,,,,,
dataflow,ESTAT:NRG_CB_EM$DEFAULTVIEW(1.0),"Supply, transformation and consumption of electricity - monthly data",M,Monthly,AIM,Available to internal market,E7000,Electricity,GWH,Gigawatt-hour,FR,France,2025-08,,28971.104,,,,,
dataflow,ESTAT:NRG_CB_EM$DEFAULTVIEW(1.0),"Supply, transformation and consumption of electricity - monthly data",M,Monthly,AIM,Available to internal market,E7000,Electricity,GWH,Gigawatt-hour,FR,France,2025-09,,29331.317,,,,,
dataflow,ESTAT:NRG_CB_EM$DEFAULTVIEW(1.0),"Supply, transformation and consumption of electricity - monthly data",M,Monthly,AIM,Available to internal market,E7000,Electricity,GWH,Gigawatt-hour,FR,France,2025-10,,32408.981,,,,,
dataflow,ESTAT:NRG_CB_EM$DEFAULTVIEW(1.0),"Supply, transformation and consumption of electricity - monthly data",M,Monthly,AIM,Available to internal market,E7000,Electricity,GWH,Gigawatt-hour,FR,France,2025-11,,37041.039,,,,,
dataflow,ESTAT:NRG_CB_EM$DEFAULTVIEW(1.0),"Supply, transformation and consumption of electricity - monthly data",M,Monthly,AIM,Available to internal market,E7000,Electricity,GWH,Gigawatt-hour,FR,France,2025-12,,41471.060,,,,,
dataflow,ESTAT:NRG_CB_EM$DEFAULTVIEW(1.0),"Supply, transformation and consumption of electricity - monthly data",M,Monthly,AIM,Available to internal market,E7000,Electricity,GWH,Gigawatt-hour,FR,France,2026-01,,46310.384,,,,,
dataflow,ESTAT:NRG_CB_EM$DEFAULTVIEW(1.0),"Supply, transformation and consumption of electricity - monthly data",M,Monthly,AIM,Available to internal market,E7000,Electricity,GWH,Gigawatt-hour,FR,France,2026-02,,37243.999,,,,,
dataflow,ESTAT:NRG_CB_EM$DEFAULTVIEW(1.0),"Supply, transformation and consumption of electricity - monthly data",M,Monthly,AIM,Available to internal market,E7000,Electricity,GWH,Gigawatt-hour,FR,France,2026-03,,37316.714,,,,,
dataflow,ESTAT:NRG_CB_EM$DEFAULTVIEW(1.0),"Supply, transformation and consumption of electricity - monthly data",M,Monthly,AIM,Available to internal market,E7000,Electricity,GWH,Gigawatt-hour,FR,France,2026-04,,31410.036,,,,,
dataflow,ESTAT:NRG_CB_EM$DEFAULTVIEW(1.0),"Supply, transformation and consumption of electricity - monthly data",M,Monthly,AIM,Available to internal market,E7000,Electricity,GWH,Gigawatt-hour,GE,Georgia,2025-08,,1244.181,,,,,
dataflow,ESTAT:NRG_CB_EM$DEFAULTVIEW(1.0),"Supply, transformation and consumption of electricity - monthly data",M,Monthly,AIM,Available to internal market,E7000,Electricity,GWH,Gigawatt-hour,GE,Georgia,2025-09,,1036.928,,,,,
dataflow,ESTAT:NRG_CB_EM$DEFAULTVIEW(1.0),"Supply, transformation and consumption of electricity - monthly data",M,Monthly,AIM,Available to internal market,E7000,Electricity,GWH,Gigawatt-hour,GE,Georgia,2025-10,,1064.235,,,,,
dataflow,ESTAT:NRG_CB_EM$DEFAULTVIEW(1.0),"Supply, transformation and consumption of electricity - monthly data",M,Monthly,AIM,Available to internal market,E7000,Electricity,GWH,Gigawatt-hour,GE,Georgia,2025-11,,1120.151,,,,,
dataflow,ESTAT:NRG_CB_EM$DEFAULTVIEW(1.0),"Supply, transformation and consumption of electricity - monthly data",M,Monthly,AIM,Available to internal market,E7000,Electricity,GWH,Gigawatt-hour,GE,Georgia,2025-12,,1325.275,,,,,
dataflow,ESTAT:NRG_CB_EM$DEFAULTVIEW(1.0),"Supply, transformation and consumption of electricity - monthly data",M,Monthly,AIM,Available to internal market,E7000,Electricity,GWH,Gigawatt-hour,GE,Georgia,2026-01,,1356.826,,,,,
dataflow,ESTAT:NRG_CB_EM$DEFAULTVIEW(1.0),"Supply, transformation and consumption of electricity - monthly data",M,Monthly,AIM,Available to internal market,E7000,Electricity,GWH,Gigawatt-hour,GE,Georgia,2026-02,,1155.178,,,,,
dataflow,ESTAT:NRG_CB_EM$DEFAULTVIEW(1.0),"Supply, transformation and consumption of electricity - monthly data",M,Monthly,AIM,Available to internal market,E7000,Electricity,GWH,Gigawatt-hour,GE,Georgia,2026-03,,1207.542,,,,,
dataflow,ESTAT:NRG_CB_EM$DEFAULTVIEW(1.0),"Supply, transformation and consumption of electricity - monthly data",M,Monthly,AIM,Available to internal market,E7000,Electricity,GWH,Gigawatt-hour,GE,Georgia,2026-04,,1089.084,,,,,
dataflow,ESTAT:NRG_CB_EM$DEFAULTVIEW(1.0),"Supply, transformation and consumption of electricity - monthly data",M,Monthly,AIM,Available to internal market,E7000,Electricity,GWH,Gigawatt-hour,HR,Croatia,2025-08,,1485.052,,,,,
dataflow,ESTAT:NRG_CB_EM$DEFAULTVIEW(1.0),"Supply, transformation and consumption of electricity - monthly data",M,Monthly,AIM,Available to internal market,E7000,Electricity,GWH,Gigawatt-hour,HR,Croatia,2025-09,,1327.692,,,,,
dataflow,ESTAT:NRG_CB_EM$DEFAULTVIEW(1.0),"Supply, transformation and consumption of electricity - monthly data",M,Monthly,AIM,Available to internal market,E7000,Electricity,GWH,Gigawatt-hour,HR,Croatia,2025-10,,1382.949,,,,,
dataflow,ESTAT:NRG_CB_EM$DEFAULTVIEW(1.0),"Supply, transformation and consumption of electricity - monthly data",M,Monthly,AIM,Available to internal market,E7000,Electricity,GWH,Gigawatt-hour,HR,Croatia,2025-11,,1425.423,,,,,
dataflow,ESTAT:NRG_CB_EM$DEFAULTVIEW(1.0),"Supply, transformation and consumption of electricity - monthly data",M,Monthly,AIM,Available to internal market,E7000,Electricity,GWH,Gigawatt-hour,HR,Croatia,2025-12,,1596.685,,,,,
dataflow,ESTAT:NRG_CB_EM$DEFAULTVIEW(1.0),"Supply, transformation and consumption of electricity - monthly data",M,Monthly,AIM,Available to internal market,E7000,Electricity,GWH,Gigawatt-hour,HR,Croatia,2026-01,,1685.891,,,,,
dataflow,ESTAT:NRG_CB_EM$DEFAULTVIEW(1.0),"Supply, transformation and consumption of electricity - monthly data",M,Monthly,AIM,Available to internal market,E7000,Electricity,GWH,Gigawatt-hour,HR,Croatia,2026-02,,1415.116,,,,,
dataflow,ESTAT:NRG_CB_EM$DEFAULTVIEW(1.0),"Supply, transformation and consumption of electricity - monthly data",M,Monthly,AIM,Available to internal market,E7000,Electricity,GWH,Gigawatt-hour,HR,Croatia,2026-03,,1449.085,,,,,
dataflow,ESTAT:NRG_CB_EM$DEFAULTVIEW(1.0),"Supply, transformation and consumption of electricity - monthly data",M,Monthly,AIM,Available to internal market,E7000,Electricity,GWH,Gigawatt-hour,HR,Croatia,2026-04,,1281.959,,,,,
dataflow,ESTAT:NRG_CB_EM$DEFAULTVIEW(1.0),"Supply, transformation and consumption of electricity - monthly data",M,Monthly,AIM,Available to internal market,E7000,Electricity,GWH,Gigawatt-hour,HU,Hungary,2025-08,,3425.591,,,,,
dataflow,ESTAT:NRG_CB_EM$DEFAULTVIEW(1.0),"Supply, transformation and consumption of electricity - monthly data",M,Monthly,AIM,Available to internal market,E7000,Electricity,GWH,Gigawatt-hour,HU,Hungary,2025-09,,3389.074,,,,,
dataflow,ESTAT:NRG_CB_EM$DEFAULTVIEW(1.0),"Supply, transformation and consumption of electricity - monthly data",M,Monthly,AIM,Available to internal market,E7000,Electricity,GWH,Gigawatt-hour,HU,Hungary,2025-10,,3659.870,,,,,
dataflow,ESTAT:NRG_CB_EM$DEFAULTVIEW(1.0),"Supply, transformation and consumption of electricity - monthly data",M,Monthly,AIM,Available to internal market,E7000,Electricity,GWH,Gigawatt-hour,HU,Hungary,2025-11,,3788.460,,,,,
dataflow,ESTAT:NRG_CB_EM$DEFAULTVIEW(1.0),"Supply, transformation and consumption of electricity - monthly data",M,Monthly,AIM,Available to internal market,E7000,Electricity,GWH,Gigawatt-hour,HU,Hungary,2025-12,,3873.166,,,,,
dataflow,ESTAT:NRG_CB_EM$DEFAULTVIEW(1.0),"Supply, transformation and consumption of electricity - monthly data",M,Monthly,AIM,Available to internal market,E7000,Electricity,GWH,Gigawatt-hour,HU,Hungary,2026-01,,4417.717,,,,,
dataflow,ESTAT:NRG_CB_EM$DEFAULTVIEW(1.0),"Supply, transformation and consumption of electricity - monthly data",M,Monthly,AIM,Available to internal market,E7000,Electricity,GWH,Gigawatt-hour,HU,Hungary,2026-02,,3768.428,,,,,
dataflow,ESTAT:NRG_CB_EM$DEFAULTVIEW(1.0),"Supply, transformation and consumption of electricity - monthly data",M,Monthly,AIM,Available to internal market,E7000,Electricity,GWH,Gigawatt-hour,HU,Hungary,2026-03,,3817.271,,,,,
dataflow,ESTAT:NRG_CB_EM$DEFAULTVIEW(1.0),"Supply, transformation and consumption of electricity - monthly data",M,Monthly,AIM,Available to internal market,E7000,Electricity,GWH,Gigawatt-hour,HU,Hungary,2026-04,,3479.701,,,,,
dataflow,ESTAT:NRG_CB_EM$DEFAULTVIEW(1.0),"Supply, transformation and consumption of electricity - monthly data",M,Monthly,AIM,Available to internal market,E7000,Electricity,GWH,Gigawatt-hour,IE,Ireland,2025-08,,2527.597,,,,,
dataflow,ESTAT:NRG_CB_EM$DEFAULTVIEW(1.0),"Supply, transformation and consumption of electricity - monthly data",M,Monthly,AIM,Available to internal market,E7000,Electricity,GWH,Gigawatt-hour,IE,Ireland,2025-09,,2545.281,,,,,
dataflow,ESTAT:NRG_CB_EM$DEFAULTVIEW(1.0),"Supply, transformation and consumption of electricity - monthly data",M,Monthly,AIM,Available to internal market,E7000,Electricity,GWH,Gigawatt-hour,IE,Ireland,2025-10,,2804.191,,,,,
dataflow,ESTAT:NRG_CB_EM$DEFAULTVIEW(1.0),"Supply, transformation and consumption of electricity - monthly data",M,Monthly,AIM,Available to internal market,E7000,Electricity,GWH,Gigawatt-hour,IE,Ireland,2025-11,,2904.006,,,,,
dataflow,ESTAT:NRG_CB_EM$DEFAULTVIEW(1.0),"Supply, transformation and consumption of electricity - monthly data",M,Monthly,AIM,Available to internal market,E7000,Electricity,GWH,Gigawatt-hour,IE,Ireland,2025-12,,3040.497,,,,,
dataflow,ESTAT:NRG_CB_EM$DEFAULTVIEW(1.0),"Supply, transformation and consumption of electricity - monthly data",M,Monthly,AIM,Available to internal market,E7000,Electricity,GWH,Gigawatt-hour,IE,Ireland,2026-01,,3187.959,,,,,
dataflow,ESTAT:NRG_CB_EM$DEFAULTVIEW(1.0),"Supply, transformation and consumption of electricity - monthly data",M,Monthly,AIM,Available to internal market,E7000,Electricity,GWH,Gigawatt-hour,IE,Ireland,2026-02,,2833.056,,,,,
dataflow,ESTAT:NRG_CB_EM$DEFAULTVIEW(1.0),"Supply, transformation and consumption of electricity - monthly data",M,Monthly,AIM,Available to internal market,E7000,Electricity,GWH,Gigawatt-hour,IE,Ireland,2026-03,,2964.607,,,,,
dataflow,ESTAT:NRG_CB_EM$DEFAULTVIEW(1.0),"Supply, transformation and consumption of electricity - monthly data",M,Monthly,AIM,Available to internal market,E7000,Electricity,GWH,Gigawatt-hour,IE,Ireland,2026-04,,2702.680,,,,,
dataflow,ESTAT:NRG_CB_EM$DEFAULTVIEW(1.0),"Supply, transformation and consumption of electricity - monthly data",M,Monthly,AIM,Available to internal market,E7000,Electricity,GWH,Gigawatt-hour,IE,Ireland,2026-05,,2640.623,,,,,
dataflow,ESTAT:NRG_CB_EM$DEFAULTVIEW(1.0),"Supply, transformation and consumption of electricity - monthly data",M,Monthly,AIM,Available to internal market,E7000,Electricity,GWH,Gigawatt-hour,IT,Italy,2025-08,,24815.000,,,,,
dataflow,ESTAT:NRG_CB_EM$DEFAULTVIEW(1.0),"Supply, transformation and consumption of electricity - monthly data",M,Monthly,AIM,Available to internal market,E7000,Electricity,GWH,Gigawatt-hour,IT,Italy,2025-09,,25994.000,,,,,
dataflow,ESTAT:NRG_CB_EM$DEFAULTVIEW(1.0),"Supply, transformation and consumption of electricity - monthly data",M,Monthly,AIM,Available to internal market,E7000,Electricity,GWH,Gigawatt-hour,IT,Italy,2025-10,,25602.000,,,,,
dataflow,ESTAT:NRG_CB_EM$DEFAULTVIEW(1.0),"Supply, transformation and consumption of electricity - monthly data",M,Monthly,AIM,Available to internal market,E7000,Electricity,GWH,Gigawatt-hour,IT,Italy,2025-11,,25688.000,,,,,
dataflow,ESTAT:NRG_CB_EM$DEFAULTVIEW(1.0),"Supply, transformation and consumption of electricity - monthly data",M,Monthly,AIM,Available to internal market,E7000,Electricity,GWH,Gigawatt-hour,IT,Italy,2025-12,,26135.000,,,,,
dataflow,ESTAT:NRG_CB_EM$DEFAULTVIEW(1.0),"Supply, transformation and consumption of electricity - monthly data",M,Monthly,AIM,Available to internal market,E7000,Electricity,GWH,Gigawatt-hour,IT,Italy,2026-01,,28041.000,,,,,
dataflow,ESTAT:NRG_CB_EM$DEFAULTVIEW(1.0),"Supply, transformation and consumption of electricity - monthly data",M,Monthly,AIM,Available to internal market,E7000,Electricity,GWH,Gigawatt-hour,IT,Italy,2026-02,,25353.000,,,,,
dataflow,ESTAT:NRG_CB_EM$DEFAULTVIEW(1.0),"Supply, transformation and consumption of electricity - monthly data",M,Monthly,AIM,Available to internal market,E7000,Electricity,GWH,Gigawatt-hour,IT,Italy,2026-03,,27367.000,,,,,
dataflow,ESTAT:NRG_CB_EM$DEFAULTVIEW(1.0),"Supply, transformation and consumption of electricity - monthly data",M,Monthly,AIM,Available to internal market,E7000,Electricity,GWH,Gigawatt-hour,IT,Italy,2026-04,,23889.000,,,,,
dataflow,ESTAT:NRG_CB_EM$DEFAULTVIEW(1.0),"Supply, transformation and consumption of electricity - monthly data",M,Monthly,AIM,Available to internal market,E7000,Electricity,GWH,Gigawatt-hour,IT,Italy,2026-05,,24838.000,,,,,
dataflow,ESTAT:NRG_CB_EM$DEFAULTVIEW(1.0),"Supply, transformation and consumption of electricity - monthly data",M,Monthly,AIM,Available to internal market,E7000,Electricity,GWH,Gigawatt-hour,LT,Lithuania,2025-08,,701.134,,,,,
dataflow,ESTAT:NRG_CB_EM$DEFAULTVIEW(1.0),"Supply, transformation and consumption of electricity - monthly data",M,Monthly,AIM,Available to internal market,E7000,Electricity,GWH,Gigawatt-hour,LT,Lithuania,2025-09,,733.053,,,,,
dataflow,ESTAT:NRG_CB_EM$DEFAULTVIEW(1.0),"Supply, transformation and consumption of electricity - monthly data",M,Monthly,AIM,Available to internal market,E7000,Electricity,GWH,Gigawatt-hour,LT,Lithuania,2025-10,,912.581,,,,,
dataflow,ESTAT:NRG_CB_EM$DEFAULTVIEW(1.0),"Supply, transformation and consumption of electricity - monthly data",M,Monthly,AIM,Available to internal market,E7000,Electricity,GWH,Gigawatt-hour,LT,Lithuania,2025-11,,1115.738,,,,,
dataflow,ESTAT:NRG_CB_EM$DEFAULTVIEW(1.0),"Supply, transformation and consumption of electricity - monthly data",M,Monthly,AIM,Available to internal market,E7000,Electricity,GWH,Gigawatt-hour,LT,Lithuania,2025-12,,1114.432,,,,,
dataflow,ESTAT:NRG_CB_EM$DEFAULTVIEW(1.0),"Supply, transformation and consumption of electricity - monthly data",M,Monthly,AIM,Available to internal market,E7000,Electricity,GWH,Gigawatt-hour,LT,Lithuania,2026-01,,1313.809,,,,,
dataflow,ESTAT:NRG_CB_EM$DEFAULTVIEW(1.0),"Supply, transformation and consumption of electricity - monthly data",M,Monthly,AIM,Available to internal market,E7000,Electricity,GWH,Gigawatt-hour,LT,Lithuania,2026-02,,1158.364,,,,,
dataflow,ESTAT:NRG_CB_EM$DEFAULTVIEW(1.0),"Supply, transformation and consumption of electricity - monthly data",M,Monthly,AIM,Available to internal market,E7000,Electricity,GWH,Gigawatt-hour,LT,Lithuania,2026-03,,822.409,,,,,
dataflow,ESTAT:NRG_CB_EM$DEFAULTVIEW(1.0),"Supply, transformation and consumption of electricity - monthly data",M,Monthly,AIM,Available to internal market,E7000,Electricity,GWH,Gigawatt-hour,LU,Luxembourg,2025-08,,420.697,,,,,
dataflow,ESTAT:NRG_CB_EM$DEFAULTVIEW(1.0),"Supply, transformation and consumption of electricity - monthly data",M,Monthly,AIM,Available to internal market,E7000,Electricity,GWH,Gigawatt-hour,LU,Luxembourg,2025-09,,467.999,,,,,
dataflow,ESTAT:NRG_CB_EM$DEFAULTVIEW(1.0),"Supply, transformation and consumption of electricity - monthly data",M,Monthly,AIM,Available to internal market,E7000,Electricity,GWH,Gigawatt-hour,LU,Luxembourg,2025-10,,501.712,,,,,
dataflow,ESTAT:NRG_CB_EM$DEFAULTVIEW(1.0),"Supply, transformation and consumption of electricity - monthly data",M,Monthly,AIM,Available to internal market,E7000,Electricity,GWH,Gigawatt-hour,LU,Luxembourg,2025-11,,488.849,,,,,
dataflow,ESTAT:NRG_CB_EM$DEFAULTVIEW(1.0),"Supply, transformation and consumption of electricity - monthly data",M,Monthly,AIM,Available to internal market,E7000,Electricity,GWH,Gigawatt-hour,LU,Luxembourg,2025-12,,473.497,,,,,
dataflow,ESTAT:NRG_CB_EM$DEFAULTVIEW(1.0),"Supply, transformation and consumption of electricity - monthly data",M,Monthly,AIM,Available to internal market,E7000,Electricity,GWH,Gigawatt-hour,LU,Luxembourg,2026-01,,523.973,,,,,
dataflow,ESTAT:NRG_CB_EM$DEFAULTVIEW(1.0),"Supply, transformation and consumption of electricity - monthly data",M,Monthly,AIM,Available to internal market,E7000,Electricity,GWH,Gigawatt-hour,LU,Luxembourg,2026-02,,499.727,,,,,
dataflow,ESTAT:NRG_CB_EM$DEFAULTVIEW(1.0),"Supply, transformation and consumption of electricity - monthly data",M,Monthly,AIM,Available to internal market,E7000,Electricity,GWH,Gigawatt-hour,LU,Luxembourg,2026-03,,501.321,,,,,
dataflow,ESTAT:NRG_CB_EM$DEFAULTVIEW(1.0),"Supply, transformation and consumption of electricity - monthly data",M,Monthly,AIM,Available to internal market,E7000,Electricity,GWH,Gigawatt-hour,LV,Latvia,2025-08,,566.000,,,,,
dataflow,ESTAT:NRG_CB_EM$DEFAULTVIEW(1.0),"Supply, transformation and consumption of electricity - monthly data",M,Monthly,AIM,Available to internal market,E7000,Electricity,GWH,Gigawatt-hour,LV,Latvia,2025-09,,564.000,,,,,
dataflow,ESTAT:NRG_CB_EM$DEFAULTVIEW(1.0),"Supply, transformation and consumption of electricity - monthly data",M,Monthly,AIM,Available to internal market,E7000,Electricity,GWH,Gigawatt-hour,LV,Latvia,2025-10,,634.000,,,,,
dataflow,ESTAT:NRG_CB_EM$DEFAULTVIEW(1.0),"Supply, transformation and consumption of electricity - monthly data",M,Monthly,AIM,Available to internal market,E7000,Electricity,GWH,Gigawatt-hour,LV,Latvia,2025-11,,649.000,,,,,
dataflow,ESTAT:NRG_CB_EM$DEFAULTVIEW(1.0),"Supply, transformation and consumption of electricity - monthly data",M,Monthly,AIM,Available to internal market,E7000,Electricity,GWH,Gigawatt-hour,LV,Latvia,2025-12,,681.000,,,,,
dataflow,ESTAT:NRG_CB_EM$DEFAULTVIEW(1.0),"Supply, transformation and consumption of electricity - monthly data",M,Monthly,AIM,Available to internal market,E7000,Electricity,GWH,Gigawatt-hour,LV,Latvia,2026-01,,780.000,,,,,
dataflow,ESTAT:NRG_CB_EM$DEFAULTVIEW(1.0),"Supply, transformation and consumption of electricity - monthly data",M,Monthly,AIM,Available to internal market,E7000,Electricity,GWH,Gigawatt-hour,LV,Latvia,2026-02,,721.000,,,,,
dataflow,ESTAT:NRG_CB_EM$DEFAULTVIEW(1.0),"Supply, transformation and consumption of electricity - monthly data",M,Monthly,AIM,Available to internal market,E7000,Electricity,GWH,Gigawatt-hour,LV,Latvia,2026-03,,666.000,,,,,
dataflow,ESTAT:NRG_CB_EM$DEFAULTVIEW(1.0),"Supply, transformation and consumption of electricity - monthly data",M,Monthly,AIM,Available to internal market,E7000,Electricity,GWH,Gigawatt-hour,LV,Latvia,2026-04,,609.000,,,,,
dataflow,ESTAT:NRG_CB_EM$DEFAULTVIEW(1.0),"Supply, transformation and consumption of electricity - monthly data",M,Monthly,AIM,Available to internal market,E7000,Electricity,GWH,Gigawatt-hour,MD,Moldova,2025-08,,259.588,,,,,
dataflow,ESTAT:NRG_CB_EM$DEFAULTVIEW(1.0),"Supply, transformation and consumption of electricity - monthly data",M,Monthly,AIM,Available to internal market,E7000,Electricity,GWH,Gigawatt-hour,MD,Moldova,2025-09,,256.090,,,,,
dataflow,ESTAT:NRG_CB_EM$DEFAULTVIEW(1.0),"Supply, transformation and consumption of electricity - monthly data",M,Monthly,AIM,Available to internal market,E7000,Electricity,GWH,Gigawatt-hour,MD,Moldova,2025-10,,341.620,,,,,
dataflow,ESTAT:NRG_CB_EM$DEFAULTVIEW(1.0),"Supply, transformation and consumption of electricity - monthly data",M,Monthly,AIM,Available to internal market,E7000,Electricity,GWH,Gigawatt-hour,MD,Moldova,2025-11,,361.617,,,,,
dataflow,ESTAT:NRG_CB_EM$DEFAULTVIEW(1.0),"Supply, transformation and consumption of electricity - monthly data",M,Monthly,AIM,Available to internal market,E7000,Electricity,GWH,Gigawatt-hour,MD,Moldova,2025-12,,396.444,,,,,
dataflow,ESTAT:NRG_CB_EM$DEFAULTVIEW(1.0),"Supply, transformation and consumption of electricity - monthly data",M,Monthly,AIM,Available to internal market,E7000,Electricity,GWH,Gigawatt-hour,MD,Moldova,2026-01,,439.130,,,,,
dataflow,ESTAT:NRG_CB_EM$DEFAULTVIEW(1.0),"Supply, transformation and consumption of electricity - monthly data",M,Monthly,AIM,Available to internal market,E7000,Electricity,GWH,Gigawatt-hour,MD,Moldova,2026-02,,392.677,,,,,
dataflow,ESTAT:NRG_CB_EM$DEFAULTVIEW(1.0),"Supply, transformation and consumption of electricity - monthly data",M,Monthly,AIM,Available to internal market,E7000,Electricity,GWH,Gigawatt-hour,MD,Moldova,2026-03,,286.413,,,,,
dataflow,ESTAT:NRG_CB_EM$DEFAULTVIEW(1.0),"Supply, transformation and consumption of electricity - monthly data",M,Monthly,AIM,Available to internal market,E7000,Electricity,GWH,Gigawatt-hour,ME,Montenegro,2025-08,,273.294,,p,provisional,,
dataflow,ESTAT:NRG_CB_EM$DEFAULTVIEW(1.0),"Supply, transformation and consumption of electricity - monthly data",M,Monthly,AIM,Available to internal market,E7000,Electricity,GWH,Gigawatt-hour,ME,Montenegro,2025-09,,216.979,,p,provisional,,
dataflow,ESTAT:NRG_CB_EM$DEFAULTVIEW(1.0),"Supply, transformation and consumption of electricity - monthly data",M,Monthly,AIM,Available to internal market,E7000,Electricity,GWH,Gigawatt-hour,ME,Montenegro,2025-10,,222.552,,p,provisional,,
dataflow,ESTAT:NRG_CB_EM$DEFAULTVIEW(1.0),"Supply, transformation and consumption of electricity - monthly data",M,Monthly,AIM,Available to internal market,E7000,Electricity,GWH,Gigawatt-hour,ME,Montenegro,2025-11,,231.003,,p,provisional,,
dataflow,ESTAT:NRG_CB_EM$DEFAULTVIEW(1.0),"Supply, transformation and consumption of electricity - monthly data",M,Monthly,AIM,Available to internal market,E7000,Electricity,GWH,Gigawatt-hour,ME,Montenegro,2025-12,,288.079,,p,provisional,,
dataflow,ESTAT:NRG_CB_EM$DEFAULTVIEW(1.0),"Supply, transformation and consumption of electricity - monthly data",M,Monthly,AIM,Available to internal market,E7000,Electricity,GWH,Gigawatt-hour,ME,Montenegro,2026-01,,300.013,,p,provisional,,
dataflow,ESTAT:NRG_CB_EM$DEFAULTVIEW(1.0),"Supply, transformation and consumption of electricity - monthly data",M,Monthly,AIM,Available to internal market,E7000,Electricity,GWH,Gigawatt-hour,ME,Montenegro,2026-02,,270.507,,p,provisional,,
dataflow,ESTAT:NRG_CB_EM$DEFAULTVIEW(1.0),"Supply, transformation and consumption of electricity - monthly data",M,Monthly,AIM,Available to internal market,E7000,Electricity,GWH,Gigawatt-hour,ME,Montenegro,2026-03,,248.243,,p,provisional,,
dataflow,ESTAT:NRG_CB_EM$DEFAULTVIEW(1.0),"Supply, transformation and consumption of electricity - monthly data",M,Monthly,AIM,Available to internal market,E7000,Electricity,GWH,Gigawatt-hour,ME,Montenegro,2026-04,,211.631,,p,provisional,,
dataflow,ESTAT:NRG_CB_EM$DEFAULTVIEW(1.0),"Supply, transformation and consumption of electricity - monthly data",M,Monthly,AIM,Available to internal market,E7000,Electricity,GWH,Gigawatt-hour,MK,North Macedonia,2025-08,,441.156,,,,,
dataflow,ESTAT:NRG_CB_EM$DEFAULTVIEW(1.0),"Supply, transformation and consumption of electricity - monthly data",M,Monthly,AIM,Available to internal market,E7000,Electricity,GWH,Gigawatt-hour,MK,North Macedonia,2025-09,,414.020,,,,,
dataflow,ESTAT:NRG_CB_EM$DEFAULTVIEW(1.0),"Supply, transformation and consumption of electricity - monthly data",M,Monthly,AIM,Available to internal market,E7000,Electricity,GWH,Gigawatt-hour,MK,North Macedonia,2025-10,,509.267,,,,,
dataflow,ESTAT:NRG_CB_EM$DEFAULTVIEW(1.0),"Supply, transformation and consumption of electricity - monthly data",M,Monthly,AIM,Available to internal market,E7000,Electricity,GWH,Gigawatt-hour,MK,North Macedonia,2025-11,,600.864,,,,,
dataflow,ESTAT:NRG_CB_EM$DEFAULTVIEW(1.0),"Supply, transformation and consumption of electricity - monthly data",M,Monthly,AIM,Available to internal market,E7000,Electricity,GWH,Gigawatt-hour,MK,North Macedonia,2025-12,,537.447,,,,,
dataflow,ESTAT:NRG_CB_EM$DEFAULTVIEW(1.0),"Supply, transformation and consumption of electricity - monthly data",M,Monthly,AIM,Available to internal market,E7000,Electricity,GWH,Gigawatt-hour,MK,North Macedonia,2026-01,,676.781,,,,,
dataflow,ESTAT:NRG_CB_EM$DEFAULTVIEW(1.0),"Supply, transformation and consumption of electricity - monthly data",M,Monthly,AIM,Available to internal market,E7000,Electricity,GWH,Gigawatt-hour,MK,North Macedonia,2026-02,,565.146,,,,,
dataflow,ESTAT:NRG_CB_EM$DEFAULTVIEW(1.0),"Supply, transformation and consumption of electricity - monthly data",M,Monthly,AIM,Available to internal market,E7000,Electricity,GWH,Gigawatt-hour,MK,North Macedonia,2026-03,,566.254,,,,,
dataflow,ESTAT:NRG_CB_EM$DEFAULTVIEW(1.0),"Supply, transformation and consumption of electricity - monthly data",M,Monthly,AIM,Available to internal market,E7000,Electricity,GWH,Gigawatt-hour,MK,North Macedonia,2026-04,,481.642,,,,,
dataflow,ESTAT:NRG_CB_EM$DEFAULTVIEW(1.0),"Supply, transformation and consumption of electricity - monthly data",M,Monthly,AIM,Available to internal market,E7000,Electricity,GWH,Gigawatt-hour,MT,Malta,2025-08,,308.628,,e,estimated,,
dataflow,ESTAT:NRG_CB_EM$DEFAULTVIEW(1.0),"Supply, transformation and consumption of electricity - monthly data",M,Monthly,AIM,Available to internal market,E7000,Electricity,GWH,Gigawatt-hour,MT,Malta,2025-09,,282.797,,e,estimated,,
dataflow,ESTAT:NRG_CB_EM$DEFAULTVIEW(1.0),"Supply, transformation and consumption of electricity - monthly data",M,Monthly,AIM,Available to internal market,E7000,Electricity,GWH,Gigawatt-hour,MT,Malta,2025-10,,232.683,,e,estimated,,
dataflow,ESTAT:NRG_CB_EM$DEFAULTVIEW(1.0),"Supply, transformation and consumption of electricity - monthly data",M,Monthly,AIM,Available to internal market,E7000,Electricity,GWH,Gigawatt-hour,MT,Malta,2025-11,,214.332,,e,estimated,,
dataflow,ESTAT:NRG_CB_EM$DEFAULTVIEW(1.0),"Supply, transformation and consumption of electricity - monthly data",M,Monthly,AIM,Available to internal market,E7000,Electricity,GWH,Gigawatt-hour,MT,Malta,2025-12,,226.818,,e,estimated,,
dataflow,ESTAT:NRG_CB_EM$DEFAULTVIEW(1.0),"Supply, transformation and consumption of electricity - monthly data",M,Monthly,AIM,Available to internal market,E7000,Electricity,GWH,Gigawatt-hour,MT,Malta,2026-01,,245.565,,e,estimated,,
dataflow,ESTAT:NRG_CB_EM$DEFAULTVIEW(1.0),"Supply, transformation and consumption of electricity - monthly data",M,Monthly,AIM,Available to internal market,E7000,Electricity,GWH,Gigawatt-hour,MT,Malta,2026-02,,215.472,,e,estimated,,
dataflow,ESTAT:NRG_CB_EM$DEFAULTVIEW(1.0),"Supply, transformation and consumption of electricity - monthly data",M,Monthly,AIM,Available to internal market,E7000,Electricity,GWH,Gigawatt-hour,MT,Malta,2026-03,,233.321,,e,estimated,,
dataflow,ESTAT:NRG_CB_EM$DEFAULTVIEW(1.0),"Supply, transformation and consumption of electricity - monthly data",M,Monthly,AIM,Available to internal market,E7000,Electricity,GWH,Gigawatt-hour,MT,Malta,2026-04,,215.451,,e,estimated,,
dataflow,ESTAT:NRG_CB_EM$DEFAULTVIEW(1.0),"Supply, transformation and consumption of electricity - monthly data",M,Monthly,AIM,Available to internal market,E7000,Electricity,GWH,Gigawatt-hour,MT,Malta,2026-05,,228.671,,e,estimated,,
dataflow,ESTAT:NRG_CB_EM$DEFAULTVIEW(1.0),"Supply, transformation and consumption of electricity - monthly data",M,Monthly,AIM,Available to internal market,E7000,Electricity,GWH,Gigawatt-hour,NL,Netherlands,2025-08,,8936.704,,,,,
dataflow,ESTAT:NRG_CB_EM$DEFAULTVIEW(1.0),"Supply, transformation and consumption of electricity - monthly data",M,Monthly,AIM,Available to internal market,E7000,Electricity,GWH,Gigawatt-hour,NL,Netherlands,2025-09,,8886.167,,,,,
dataflow,ESTAT:NRG_CB_EM$DEFAULTVIEW(1.0),"Supply, transformation and consumption of electricity - monthly data",M,Monthly,AIM,Available to internal market,E7000,Electricity,GWH,Gigawatt-hour,NL,Netherlands,2025-10,,9564.252,,,,,
dataflow,ESTAT:NRG_CB_EM$DEFAULTVIEW(1.0),"Supply, transformation and consumption of electricity - monthly data",M,Monthly,AIM,Available to internal market,E7000,Electricity,GWH,Gigawatt-hour,NL,Netherlands,2025-11,,9871.729,,,,,
dataflow,ESTAT:NRG_CB_EM$DEFAULTVIEW(1.0),"Supply, transformation and consumption of electricity - monthly data",M,Monthly,AIM,Available to internal market,E7000,Electricity,GWH,Gigawatt-hour,NL,Netherlands,2025-12,,10252.140,,,,,
dataflow,ESTAT:NRG_CB_EM$DEFAULTVIEW(1.0),"Supply, transformation and consumption of electricity - monthly data",M,Monthly,AIM,Available to internal market,E7000,Electricity,GWH,Gigawatt-hour,NL,Netherlands,2026-01,,11066.699,,,,,
dataflow,ESTAT:NRG_CB_EM$DEFAULTVIEW(1.0),"Supply, transformation and consumption of electricity - monthly data",M,Monthly,AIM,Available to internal market,E7000,Electricity,GWH,Gigawatt-hour,NL,Netherlands,2026-02,,9548.273,,,,,
dataflow,ESTAT:NRG_CB_EM$DEFAULTVIEW(1.0),"Supply, transformation and consumption of electricity - monthly data",M,Monthly,AIM,Available to internal market,E7000,Electricity,GWH,Gigawatt-hour,NL,Netherlands,2026-03,,9477.853,,,,,
dataflow,ESTAT:NRG_CB_EM$DEFAULTVIEW(1.0),"Supply, transformation and consumption of electricity - monthly data",M,Monthly,AIM,Available to internal market,E7000,Electricity,GWH,Gigawatt-hour,NO,Norway,2025-08,,9167.991,,,,,
dataflow,ESTAT:NRG_CB_EM$DEFAULTVIEW(1.0),"Supply, transformation and consumption of electricity - monthly data",M,Monthly,AIM,Available to internal market,E7000,Electricity,GWH,Gigawatt-hour,NO,Norway,2025-09,,9233.974,,,,,
dataflow,ESTAT:NRG_CB_EM$DEFAULTVIEW(1.0),"Supply, transformation and consumption of electricity - monthly data",M,Monthly,AIM,Available to internal market,E7000,Electricity,GWH,Gigawatt-hour,NO,Norway,2025-10,,10898.546,,,,,
dataflow,ESTAT:NRG_CB_EM$DEFAULTVIEW(1.0),"Supply, transformation and consumption of electricity - monthly data",M,Monthly,AIM,Available to internal market,E7000,Electricity,GWH,Gigawatt-hour,NO,Norway,2025-11,,12178.451,,,,,
dataflow,ESTAT:NRG_CB_EM$DEFAULTVIEW(1.0),"Supply, transformation and consumption of electricity - monthly data",M,Monthly,AIM,Available to internal market,E7000,Electricity,GWH,Gigawatt-hour,NO,Norway,2025-12,,12903.627,,,,,
dataflow,ESTAT:NRG_CB_EM$DEFAULTVIEW(1.0),"Supply, transformation and consumption of electricity - monthly data",M,Monthly,AIM,Available to internal market,E7000,Electricity,GWH,Gigawatt-hour,NO,Norway,2026-01,,15193.745,,,,,
dataflow,ESTAT:NRG_CB_EM$DEFAULTVIEW(1.0),"Supply, transformation and consumption of electricity - monthly data",M,Monthly,AIM,Available to internal market,E7000,Electricity,GWH,Gigawatt-hour,NO,Norway,2026-02,,13458.047,,,,,
dataflow,ESTAT:NRG_CB_EM$DEFAULTVIEW(1.0),"Supply, transformation and consumption of electricity - monthly data",M,Monthly,AIM,Available to internal market,E7000,Electricity,GWH,Gigawatt-hour,NO,Norway,2026-03,,12340.922,,,,,
dataflow,ESTAT:NRG_CB_EM$DEFAULTVIEW(1.0),"Supply, transformation and consumption of electricity - monthly data",M,Monthly,AIM,Available to internal market,E7000,Electricity,GWH,Gigawatt-hour,NO,Norway,2026-04,,10802.940,,,,,
dataflow,ESTAT:NRG_CB_EM$DEFAULTVIEW(1.0),"Supply, transformation and consumption of electricity - monthly data",M,Monthly,AIM,Available to internal market,E7000,Electricity,GWH,Gigawatt-hour,NO,Norway,2026-05,,10084.461,,,,,
dataflow,ESTAT:NRG_CB_EM$DEFAULTVIEW(1.0),"Supply, transformation and consumption of electricity - monthly data",M,Monthly,AIM,Available to internal market,E7000,Electricity,GWH,Gigawatt-hour,PL,Poland,2025-08,,12037.346,,,,,
dataflow,ESTAT:NRG_CB_EM$DEFAULTVIEW(1.0),"Supply, transformation and consumption of electricity - monthly data",M,Monthly,AIM,Available to internal market,E7000,Electricity,GWH,Gigawatt-hour,PL,Poland,2025-09,,12369.545,,,,,
dataflow,ESTAT:NRG_CB_EM$DEFAULTVIEW(1.0),"Supply, transformation and consumption of electricity - monthly data",M,Monthly,AIM,Available to internal market,E7000,Electricity,GWH,Gigawatt-hour,PL,Poland,2025-10,,13049.383,,,,,
dataflow,ESTAT:NRG_CB_EM$DEFAULTVIEW(1.0),"Supply, transformation and consumption of electricity - monthly data",M,Monthly,AIM,Available to internal market,E7000,Electricity,GWH,Gigawatt-hour,PL,Poland,2025-11,,13156.461,,,,,
dataflow,ESTAT:NRG_CB_EM$DEFAULTVIEW(1.0),"Supply, transformation and consumption of electricity - monthly data",M,Monthly,AIM,Available to internal market,E7000,Electricity,GWH,Gigawatt-hour,PL,Poland,2025-12,,13577.683,,,,,
dataflow,ESTAT:NRG_CB_EM$DEFAULTVIEW(1.0),"Supply, transformation and consumption of electricity - monthly data",M,Monthly,AIM,Available to internal market,E7000,Electricity,GWH,Gigawatt-hour,PL,Poland,2026-01,,14098.359,,,,,
dataflow,ESTAT:NRG_CB_EM$DEFAULTVIEW(1.0),"Supply, transformation and consumption of electricity - monthly data",M,Monthly,AIM,Available to internal market,E7000,Electricity,GWH,Gigawatt-hour,PL,Poland,2026-02,,14170.003,,,,,
dataflow,ESTAT:NRG_CB_EM$DEFAULTVIEW(1.0),"Supply, transformation and consumption of electricity - monthly data",M,Monthly,AIM,Available to internal market,E7000,Electricity,GWH,Gigawatt-hour,PL,Poland,2026-03,,14643.155,,,,,
dataflow,ESTAT:NRG_CB_EM$DEFAULTVIEW(1.0),"Supply, transformation and consumption of electricity - monthly data",M,Monthly,AIM,Available to internal market,E7000,Electricity,GWH,Gigawatt-hour,PT,Portugal,2025-08,,4325.771,,,,,
dataflow,ESTAT:NRG_CB_EM$DEFAULTVIEW(1.0),"Supply, transformation and consumption of electricity - monthly data",M,Monthly,AIM,Available to internal market,E7000,Electricity,GWH,Gigawatt-hour,PT,Portugal,2025-09,,4222.535,,,,,
dataflow,ESTAT:NRG_CB_EM$DEFAULTVIEW(1.0),"Supply, transformation and consumption of electricity - monthly data",M,Monthly,AIM,Available to internal market,E7000,Electricity,GWH,Gigawatt-hour,PT,Portugal,2025-10,,4378.104,,,,,
dataflow,ESTAT:NRG_CB_EM$DEFAULTVIEW(1.0),"Supply, transformation and consumption of electricity - monthly data",M,Monthly,AIM,Available to internal market,E7000,Electricity,GWH,Gigawatt-hour,PT,Portugal,2025-11,,4423.394,,,,,
dataflow,ESTAT:NRG_CB_EM$DEFAULTVIEW(1.0),"Supply, transformation and consumption of electricity - monthly data",M,Monthly,AIM,Available to internal market,E7000,Electricity,GWH,Gigawatt-hour,PT,Portugal,2025-12,,4824.618,,,,,
dataflow,ESTAT:NRG_CB_EM$DEFAULTVIEW(1.0),"Supply, transformation and consumption of electricity - monthly data",M,Monthly,AIM,Available to internal market,E7000,Electricity,GWH,Gigawatt-hour,PT,Portugal,2026-01,,5209.494,,,,,
dataflow,ESTAT:NRG_CB_EM$DEFAULTVIEW(1.0),"Supply, transformation and consumption of electricity - monthly data",M,Monthly,AIM,Available to internal market,E7000,Electricity,GWH,Gigawatt-hour,PT,Portugal,2026-02,,4509.621,,,,,
dataflow,ESTAT:NRG_CB_EM$DEFAULTVIEW(1.0),"Supply, transformation and consumption of electricity - monthly data",M,Monthly,AIM,Available to internal market,E7000,Electricity,GWH,Gigawatt-hour,PT,Portugal,2026-03,,4611.754,,,,,
dataflow,ESTAT:NRG_CB_EM$DEFAULTVIEW(1.0),"Supply, transformation and consumption of electricity - monthly data",M,Monthly,AIM,Available to internal market,E7000,Electricity,GWH,Gigawatt-hour,PT,Portugal,2026-04,,4153.829,,,,,
dataflow,ESTAT:NRG_CB_EM$DEFAULTVIEW(1.0),"Supply, transformation and consumption of electricity - monthly data",M,Monthly,AIM,Available to internal market,E7000,Electricity,GWH,Gigawatt-hour,PT,Portugal,2026-05,,4318.615,,,,,
dataflow,ESTAT:NRG_CB_EM$DEFAULTVIEW(1.0),"Supply, transformation and consumption of electricity - monthly data",M,Monthly,AIM,Available to internal market,E7000,Electricity,GWH,Gigawatt-hour,RO,Romania,2025-08,,4023.000,,,,,
dataflow,ESTAT:NRG_CB_EM$DEFAULTVIEW(1.0),"Supply, transformation and consumption of electricity - monthly data",M,Monthly,AIM,Available to internal market,E7000,Electricity,GWH,Gigawatt-hour,RO,Romania,2025-09,,3857.000,,,,,
dataflow,ESTAT:NRG_CB_EM$DEFAULTVIEW(1.0),"Supply, transformation and consumption of electricity - monthly data",M,Monthly,AIM,Available to internal market,E7000,Electricity,GWH,Gigawatt-hour,RO,Romania,2025-10,,4225.000,,,,,
dataflow,ESTAT:NRG_CB_EM$DEFAULTVIEW(1.0),"Supply, transformation and consumption of electricity - monthly data",M,Monthly,AIM,Available to internal market,E7000,Electricity,GWH,Gigawatt-hour,RO,Romania,2025-11,,4268.000,,,,,
dataflow,ESTAT:NRG_CB_EM$DEFAULTVIEW(1.0),"Supply, transformation and consumption of electricity - monthly data",M,Monthly,AIM,Available to internal market,E7000,Electricity,GWH,Gigawatt-hour,RO,Romania,2025-12,,4552.000,,,,,
dataflow,ESTAT:NRG_CB_EM$DEFAULTVIEW(1.0),"Supply, transformation and consumption of electricity - monthly data",M,Monthly,AIM,Available to internal market,E7000,Electricity,GWH,Gigawatt-hour,RO,Romania,2026-01,,4860.000,,,,,
dataflow,ESTAT:NRG_CB_EM$DEFAULTVIEW(1.0),"Supply, transformation and consumption of electricity - monthly data",M,Monthly,AIM,Available to internal market,E7000,Electricity,GWH,Gigawatt-hour,RO,Romania,2026-02,,4348.000,,,,,
dataflow,ESTAT:NRG_CB_EM$DEFAULTVIEW(1.0),"Supply, transformation and consumption of electricity - monthly data",M,Monthly,AIM,Available to internal market,E7000,Electricity,GWH,Gigawatt-hour,RO,Romania,2026-03,,4216.000,,,,,
dataflow,ESTAT:NRG_CB_EM$DEFAULTVIEW(1.0),"Supply, transformation and consumption of electricity - monthly data",M,Monthly,AIM,Available to internal market,E7000,Electricity,GWH,Gigawatt-hour,RO,Romania,2026-04,,3688.000,,,,,
dataflow,ESTAT:NRG_CB_EM$DEFAULTVIEW(1.0),"Supply, transformation and consumption of electricity - monthly data",M,Monthly,AIM,Available to internal market,E7000,Electricity,GWH,Gigawatt-hour,RS,Serbia,2025-08,,2640.793,,,,,
dataflow,ESTAT:NRG_CB_EM$DEFAULTVIEW(1.0),"Supply, transformation and consumption of electricity - monthly data",M,Monthly,AIM,Available to internal market,E7000,Electricity,GWH,Gigawatt-hour,RS,Serbia,2025-09,,2551.169,,,,,
dataflow,ESTAT:NRG_CB_EM$DEFAULTVIEW(1.0),"Supply, transformation and consumption of electricity - monthly data",M,Monthly,AIM,Available to internal market,E7000,Electricity,GWH,Gigawatt-hour,RS,Serbia,2025-10,,3029.517,,,,,
dataflow,ESTAT:NRG_CB_EM$DEFAULTVIEW(1.0),"Supply, transformation and consumption of electricity - monthly data",M,Monthly,AIM,Available to internal market,E7000,Electricity,GWH,Gigawatt-hour,RS,Serbia,2025-11,,3160.527,,,,,
dataflow,ESTAT:NRG_CB_EM$DEFAULTVIEW(1.0),"Supply, transformation and consumption of electricity - monthly data",M,Monthly,AIM,Available to internal market,E7000,Electricity,GWH,Gigawatt-hour,RS,Serbia,2025-12,,3585.285,,,,,
dataflow,ESTAT:NRG_CB_EM$DEFAULTVIEW(1.0),"Supply, transformation and consumption of electricity - monthly data",M,Monthly,AIM,Available to internal market,E7000,Electricity,GWH,Gigawatt-hour,RS,Serbia,2026-01,,3704.737,,,,,
dataflow,ESTAT:NRG_CB_EM$DEFAULTVIEW(1.0),"Supply, transformation and consumption of electricity - monthly data",M,Monthly,AIM,Available to internal market,E7000,Electricity,GWH,Gigawatt-hour,RS,Serbia,2026-02,,3191.670,,,,,
dataflow,ESTAT:NRG_CB_EM$DEFAULTVIEW(1.0),"Supply, transformation and consumption of electricity - monthly data",M,Monthly,AIM,Available to internal market,E7000,Electricity,GWH,Gigawatt-hour,RS,Serbia,2026-03,,3225.833,,,,,
dataflow,ESTAT:NRG_CB_EM$DEFAULTVIEW(1.0),"Supply, transformation and consumption of electricity - monthly data",M,Monthly,AIM,Available to internal market,E7000,Electricity,GWH,Gigawatt-hour,SE,Sweden,2025-08,,8778.852,,,,,
dataflow,ESTAT:NRG_CB_EM$DEFAULTVIEW(1.0),"Supply, transformation and consumption of electricity - monthly data",M,Monthly,AIM,Available to internal market,E7000,Electricity,GWH,Gigawatt-hour,SE,Sweden,2025-09,,8801.218,,,,,
dataflow,ESTAT:NRG_CB_EM$DEFAULTVIEW(1.0),"Supply, transformation and consumption of electricity - monthly data",M,Monthly,AIM,Available to internal market,E7000,Electricity,GWH,Gigawatt-hour,SE,Sweden,2025-10,,10135.439,,,,,
dataflow,ESTAT:NRG_CB_EM$DEFAULTVIEW(1.0),"Supply, transformation and consumption of electricity - monthly data",M,Monthly,AIM,Available to internal market,E7000,Electricity,GWH,Gigawatt-hour,SE,Sweden,2025-11,,11515.155,,,,,
dataflow,ESTAT:NRG_CB_EM$DEFAULTVIEW(1.0),"Supply, transformation and consumption of electricity - monthly data",M,Monthly,AIM,Available to internal market,E7000,Electricity,GWH,Gigawatt-hour,SE,Sweden,2025-12,,12041.600,,,,,
dataflow,ESTAT:NRG_CB_EM$DEFAULTVIEW(1.0),"Supply, transformation and consumption of electricity - monthly data",M,Monthly,AIM,Available to internal market,E7000,Electricity,GWH,Gigawatt-hour,SE,Sweden,2026-01,,14173.728,,,,,
dataflow,ESTAT:NRG_CB_EM$DEFAULTVIEW(1.0),"Supply, transformation and consumption of electricity - monthly data",M,Monthly,AIM,Available to internal market,E7000,Electricity,GWH,Gigawatt-hour,SE,Sweden,2026-02,,13223.840,,,,,
dataflow,ESTAT:NRG_CB_EM$DEFAULTVIEW(1.0),"Supply, transformation and consumption of electricity - monthly data",M,Monthly,AIM,Available to internal market,E7000,Electricity,GWH,Gigawatt-hour,SE,Sweden,2026-03,,11706.777,,,,,
dataflow,ESTAT:NRG_CB_EM$DEFAULTVIEW(1.0),"Supply, transformation and consumption of electricity - monthly data",M,Monthly,AIM,Available to internal market,E7000,Electricity,GWH,Gigawatt-hour,SE,Sweden,2026-04,,10308.881,,,,,
dataflow,ESTAT:NRG_CB_EM$DEFAULTVIEW(1.0),"Supply, transformation and consumption of electricity - monthly data",M,Monthly,AIM,Available to internal market,E7000,Electricity,GWH,Gigawatt-hour,SI,Slovenia,2025-08,,840.165,,,,,
dataflow,ESTAT:NRG_CB_EM$DEFAULTVIEW(1.0),"Supply, transformation and consumption of electricity - monthly data",M,Monthly,AIM,Available to internal market,E7000,Electricity,GWH,Gigawatt-hour,SI,Slovenia,2025-09,,966.481,,,,,
dataflow,ESTAT:NRG_CB_EM$DEFAULTVIEW(1.0),"Supply, transformation and consumption of electricity - monthly data",M,Monthly,AIM,Available to internal market,E7000,Electricity,GWH,Gigawatt-hour,SI,Slovenia,2025-10,,1033.649,,,,,
dataflow,ESTAT:NRG_CB_EM$DEFAULTVIEW(1.0),"Supply, transformation and consumption of electricity - monthly data",M,Monthly,AIM,Available to internal market,E7000,Electricity,GWH,Gigawatt-hour,SI,Slovenia,2025-11,,1097.048,,,,,
dataflow,ESTAT:NRG_CB_EM$DEFAULTVIEW(1.0),"Supply, transformation and consumption of electricity - monthly data",M,Monthly,AIM,Available to internal market,E7000,Electricity,GWH,Gigawatt-hour,SI,Slovenia,2025-12,,1146.147,,,,,
dataflow,ESTAT:NRG_CB_EM$DEFAULTVIEW(1.0),"Supply, transformation and consumption of electricity - monthly data",M,Monthly,AIM,Available to internal market,E7000,Electricity,GWH,Gigawatt-hour,SI,Slovenia,2026-01,,1278.406,,,,,
dataflow,ESTAT:NRG_CB_EM$DEFAULTVIEW(1.0),"Supply, transformation and consumption of electricity - monthly data",M,Monthly,AIM,Available to internal market,E7000,Electricity,GWH,Gigawatt-hour,SI,Slovenia,2026-02,,1050.476,,,,,
dataflow,ESTAT:NRG_CB_EM$DEFAULTVIEW(1.0),"Supply, transformation and consumption of electricity - monthly data",M,Monthly,AIM,Available to internal market,E7000,Electricity,GWH,Gigawatt-hour,SI,Slovenia,2026-03,,1144.179,,,,,
dataflow,ESTAT:NRG_CB_EM$DEFAULTVIEW(1.0),"Supply, transformation and consumption of electricity - monthly data",M,Monthly,AIM,Available to internal market,E7000,Electricity,GWH,Gigawatt-hour,SK,Slovakia,2025-08,,1731.000,,,,,
dataflow,ESTAT:NRG_CB_EM$DEFAULTVIEW(1.0),"Supply, transformation and consumption of electricity - monthly data",M,Monthly,AIM,Available to internal market,E7000,Electricity,GWH,Gigawatt-hour,SK,Slovakia,2025-09,,1728.000,,,,,
dataflow,ESTAT:NRG_CB_EM$DEFAULTVIEW(1.0),"Supply, transformation and consumption of electricity - monthly data",M,Monthly,AIM,Available to internal market,E7000,Electricity,GWH,Gigawatt-hour,SK,Slovakia,2025-10,,1981.000,,,,,
dataflow,ESTAT:NRG_CB_EM$DEFAULTVIEW(1.0),"Supply, transformation and consumption of electricity - monthly data",M,Monthly,AIM,Available to internal market,E7000,Electricity,GWH,Gigawatt-hour,SK,Slovakia,2025-11,,2047.000,,,,,
dataflow,ESTAT:NRG_CB_EM$DEFAULTVIEW(1.0),"Supply, transformation and consumption of electricity - monthly data",M,Monthly,AIM,Available to internal market,E7000,Electricity,GWH,Gigawatt-hour,SK,Slovakia,2025-12,,2058.000,,,,,
dataflow,ESTAT:NRG_CB_EM$DEFAULTVIEW(1.0),"Supply, transformation and consumption of electricity - monthly data",M,Monthly,AIM,Available to internal market,E7000,Electricity,GWH,Gigawatt-hour,SK,Slovakia,2026-01,,2317.000,,,,,
dataflow,ESTAT:NRG_CB_EM$DEFAULTVIEW(1.0),"Supply, transformation and consumption of electricity - monthly data",M,Monthly,AIM,Available to internal market,E7000,Electricity,GWH,Gigawatt-hour,SK,Slovakia,2026-02,,2003.000,,,,,
dataflow,ESTAT:NRG_CB_EM$DEFAULTVIEW(1.0),"Supply, transformation and consumption of electricity - monthly data",M,Monthly,AIM,Available to internal market,E7000,Electricity,GWH,Gigawatt-hour,SK,Slovakia,2026-03,,1982.000,,,,,
dataflow,ESTAT:NRG_CB_EM$DEFAULTVIEW(1.0),"Supply, transformation and consumption of electricity - monthly data",M,Monthly,AIM,Available to internal market,E7000,Electricity,GWH,Gigawatt-hour,SK,Slovakia,2026-04,,1794.000,,,,,
dataflow,ESTAT:NRG_CB_EM$DEFAULTVIEW(1.0),"Supply, transformation and consumption of electricity - monthly data",M,Monthly,AIM,Available to internal market,E7000,Electricity,GWH,Gigawatt-hour,TR,Türkiye,2025-08,,32489.093,,,,,
dataflow,ESTAT:NRG_CB_EM$DEFAULTVIEW(1.0),"Supply, transformation and consumption of electricity - monthly data",M,Monthly,AIM,Available to internal market,E7000,Electricity,GWH,Gigawatt-hour,TR,Türkiye,2025-09,,28405.020,,,,,
dataflow,ESTAT:NRG_CB_EM$DEFAULTVIEW(1.0),"Supply, transformation and consumption of electricity - monthly data",M,Monthly,AIM,Available to internal market,E7000,Electricity,GWH,Gigawatt-hour,TR,Türkiye,2025-10,,26115.775,,,,,
dataflow,ESTAT:NRG_CB_EM$DEFAULTVIEW(1.0),"Supply, transformation and consumption of electricity - monthly data",M,Monthly,AIM,Available to internal market,E7000,Electricity,GWH,Gigawatt-hour,TR,Türkiye,2025-11,,25868.725,,,,,
dataflow,ESTAT:NRG_CB_EM$DEFAULTVIEW(1.0),"Supply, transformation and consumption of electricity - monthly data",M,Monthly,AIM,Available to internal market,E7000,Electricity,GWH,Gigawatt-hour,TR,Türkiye,2025-12,,29146.725,,,,,
dataflow,ESTAT:NRG_CB_EM$DEFAULTVIEW(1.0),"Supply, transformation and consumption of electricity - monthly data",M,Monthly,AIM,Available to internal market,E7000,Electricity,GWH,Gigawatt-hour,TR,Türkiye,2026-01,,30170.154,,,,,
dataflow,ESTAT:NRG_CB_EM$DEFAULTVIEW(1.0),"Supply, transformation and consumption of electricity - monthly data",M,Monthly,AIM,Available to internal market,E7000,Electricity,GWH,Gigawatt-hour,TR,Türkiye,2026-02,,25866.016,,,,,
dataflow,ESTAT:NRG_CB_EM$DEFAULTVIEW(1.0),"Supply, transformation and consumption of electricity - monthly data",M,Monthly,AIM,Available to internal market,E7000,Electricity,GWH,Gigawatt-hour,TR,Türkiye,2026-03,,27502.168,,,,,
dataflow,ESTAT:NRG_CB_EM$DEFAULTVIEW(1.0),"Supply, transformation and consumption of electricity - monthly data",M,Monthly,AIM,Available to internal market,E7000,Electricity,GWH,Gigawatt-hour,XK,Kosovo*,2025-08,,502.117,,,,,
dataflow,ESTAT:NRG_CB_EM$DEFAULTVIEW(1.0),"Supply, transformation and consumption of electricity - monthly data",M,Monthly,AIM,Available to internal market,E7000,Electricity,GWH,Gigawatt-hour,XK,Kosovo*,2025-09,,447.888,,,,,
dataflow,ESTAT:NRG_CB_EM$DEFAULTVIEW(1.0),"Supply, transformation and consumption of electricity - monthly data",M,Monthly,AIM,Available to internal market,E7000,Electricity,GWH,Gigawatt-hour,XK,Kosovo*,2025-10,,616.967,,,,,
dataflow,ESTAT:NRG_CB_EM$DEFAULTVIEW(1.0),"Supply, transformation and consumption of electricity - monthly data",M,Monthly,AIM,Available to internal market,E7000,Electricity,GWH,Gigawatt-hour,XK,Kosovo*,2025-11,,634.836,,,,,
dataflow,ESTAT:NRG_CB_EM$DEFAULTVIEW(1.0),"Supply, transformation and consumption of electricity - monthly data",M,Monthly,AIM,Available to internal market,E7000,Electricity,GWH,Gigawatt-hour,XK,Kosovo*,2025-12,,932.280,,,,,
dataflow,ESTAT:NRG_CB_EM$DEFAULTVIEW(1.0),"Supply, transformation and consumption of electricity - monthly data",M,Monthly,AIM,Available to internal market,E7000,Electricity,GWH,Gigawatt-hour,XK,Kosovo*,2026-01,,894.934,,,,,
dataflow,ESTAT:NRG_CB_EM$DEFAULTVIEW(1.0),"Supply, transformation and consumption of electricity - monthly data",M,Monthly,AIM,Available to internal market,E7000,Electricity,GWH,Gigawatt-hour,XK,Kosovo*,2026-02,,709.140,,,,,
dataflow,ESTAT:NRG_CB_EM$DEFAULTVIEW(1.0),"Supply, transformation and consumption of electricity - monthly data",M,Monthly,AIM,Available to internal market,E7000,Electricity,GWH,Gigawatt-hour,XK,Kosovo*,2026-03,,700.115,,,,,
dataflow,ESTAT:NRG_CB_EM$DEFAULTVIEW(1.0),"Supply, transformation and consumption of electricity - monthly data",M,Monthly,AIM,Available to internal market,E7000,Electricity,GWH,Gigawatt-hour,XK,Kosovo*,2026-04,,567.640,,,,,
